window_index,accel_mag_mean,accel_mag_std,accel_mag_peak,gyro_mag_mean,gyro_mag_std,gyro_mag_peak,jerk_mean,jerk_std,jerk_peak,impact_duration_s,peak_acceleration,rotational_energy,reconstruction_error,ax_reconstruction_error,ay_reconstruction_error,az_reconstruction_error,gx_reconstruction_error,gy_reconstruction_error,gz_reconstruction_error,ax_mean,ax_std,ax_min,ax_max,ax_p95,ax_energy,ay_mean,ay_std,ay_min,ay_max,ay_p95,ay_energy,az_mean,az_std,az_min,az_max,az_p95,az_energy,gx_mean,gx_std,gx_min,gx_max,gx_p95,gx_energy,gy_mean,gy_std,gy_min,gy_max,gy_p95,gy_energy,gz_mean,gz_std,gz_min,gz_max,gz_p95,gz_energy,group,crash_label,risk_label
0.0,0.7151161432266235,5.960464477539063e-08,0.7151162028312683,1.1157702207565308,0.0,1.1157702207565308,0.0,0.0,0.0,4.0,0.7151162028312683,1.2449432611465454,15.9910306930542,0.15542635321617126,4.887576580047607,89.6803970336914,0.001028740662150085,0.8123098015785217,0.2233460545539856,0.39308851957321167,0.0,0.39308851957321167,0.39308851957321167,0.39308851957321167,0.15451858937740326,0.43917977809906006,8.940696716308594e-08,0.4391796886920929,0.4391796886920929,0.4391796886920929,0.19287879765033722,0.4049614369869232,2.9802322387695312e-08,0.40496140718460083,0.40496140718460083,0.40496140718460083,0.1639937162399292,0.04534125700592995,0.0,0.04534125700592995,0.04534125700592995,0.04534125700592995,0.0020558293908834457,1.0144662857055664,0.0,1.0144662857055664,1.0144662857055664,1.0144662857055664,1.0291420221328735,0.4623260200023651,2.9802322387695312e-08,0.4623259902000427,0.4623259902000427,0.4623259902000427,0.2137453407049179,normal,0,0
1.0,0.7151161432266235,5.960464477539063e-08,0.7151162028312683,1.1157702207565308,0.0,1.1157702207565308,0.0,0.0,0.0,4.0,0.7151162028312683,1.2449432611465454,15.9910306930542,0.15542635321617126,4.887576580047607,89.6803970336914,0.001028740662150085,0.8123098015785217,0.2233460545539856,0.39308851957321167,0.0,0.39308851957321167,0.39308851957321167,0.39308851957321167,0.15451858937740326,0.43917977809906006,8.940696716308594e-08,0.4391796886920929,0.4391796886920929,0.4391796886920929,0.19287879765033722,0.4049614369869232,2.9802322387695312e-08,0.40496140718460083,0.40496140718460083,0.40496140718460083,0.1639937162399292,0.04534125700592995,0.0,0.04534125700592995,0.04534125700592995,0.04534125700592995,0.0020558293908834457,1.0144662857055664,0.0,1.0144662857055664,1.0144662857055664,1.0144662857055664,1.0291420221328735,0.4623260200023651,2.9802322387695312e-08,0.4623259902000427,0.4623259902000427,0.4623259902000427,0.2137453407049179,normal,0,0
2.0,0.7151161432266235,5.960464477539063e-08,0.7151162028312683,1.1157702207565308,0.0,1.1157702207565308,0.0,0.0,0.0,4.0,0.7151162028312683,1.2449432611465454,15.9910306930542,0.15542635321617126,4.887576580047607,89.6803970336914,0.001028740662150085,0.8123098015785217,0.2233460545539856,0.39308851957321167,0.0,0.39308851957321167,0.39308851957321167,0.39308851957321167,0.15451858937740326,0.43917977809906006,8.940696716308594e-08,0.4391796886920929,0.4391796886920929,0.4391796886920929,0.19287879765033722,0.4049614369869232,2.9802322387695312e-08,0.40496140718460083,0.40496140718460083,0.40496140718460083,0.1639937162399292,0.04534125700592995,0.0,0.04534125700592995,0.04534125700592995,0.04534125700592995,0.0020558293908834457,1.0144662857055664,0.0,1.0144662857055664,1.0144662857055664,1.0144662857055664,1.0291420221328735,0.4623260200023651,2.9802322387695312e-08,0.4623259902000427,0.4623259902000427,0.4623259902000427,0.2137453407049179,normal,0,0
3.0,0.7151161432266235,5.960464477539063e-08,0.7151162028312683,1.1157702207565308,0.0,1.1157702207565308,0.0,0.0,0.0,4.0,0.7151162028312683,1.2449432611465454,15.9910306930542,0.15542635321617126,4.887576580047607,89.6803970336914,0.001028740662150085,0.8123098015785217,0.2233460545539856,0.39308851957321167,0.0,0.39308851957321167,0.39308851957321167,0.39308851957321167,0.15451858937740326,0.43917977809906006,8.940696716308594e-08,0.4391796886920929,0.4391796886920929,0.4391796886920929,0.19287879765033722,0.4049614369869232,2.9802322387695312e-08,0.40496140718460083,0.40496140718460083,0.40496140718460083,0.1639937162399292,0.04534125700592995,0.0,0.04534125700592995,0.04534125700592995,0.04534125700592995,0.0020558293908834457,1.0144662857055664,0.0,1.0144662857055664,1.0144662857055664,1.0144662857055664,1.0291420221328735,0.4623260200023651,2.9802322387695312e-08,0.4623259902000427,0.4623259902000427,0.4623259902000427,0.2137453407049179,normal,0,0
4.0,0.7151161432266235,5.960464477539063e-08,0.7151162028312683,1.1157702207565308,0.0,1.1157702207565308,0.0,0.0,0.0,4.0,0.7151162028312683,1.2449432611465454,15.9910306930542,0.15542635321617126,4.887576580047607,89.6803970336914,0.001028740662150085,0.8123098015785217,0.2233460545539856,0.39308851957321167,0.0,0.39308851957321167,0.39308851957321167,0.39308851957321167,0.15451858937740326,0.43917977809906006,8.940696716308594e-08,0.4391796886920929,0.4391796886920929,0.4391796886920929,0.19287879765033722,0.4049614369869232,2.9802322387695312e-08,0.40496140718460083,0.40496140718460083,0.40496140718460083,0.1639937162399292,0.04534125700592995,0.0,0.04534125700592995,0.04534125700592995,0.04534125700592995,0.0020558293908834457,1.0144662857055664,0.0,1.0144662857055664,1.0144662857055664,1.0144662857055664,1.0291420221328735,0.4623260200023651,2.9802322387695312e-08,0.4623259902000427,0.4623259902000427,0.4623259902000427,0.2137453407049179,normal,0,0
5.0,0.7151161432266235,5.960464477539063e-08,0.7151162028312683,1.1157702207565308,0.0,1.1157702207565308,0.0,0.0,0.0,4.0,0.7151162028312683,1.2449432611465454,15.9910306930542,0.15542635321617126,4.887576580047607,89.6803970336914,0.001028740662150085,0.8123098015785217,0.2233460545539856,0.39308851957321167,0.0,0.39308851957321167,0.39308851957321167,0.39308851957321167,0.15451858937740326,0.43917977809906006,8.940696716308594e-08,0.4391796886920929,0.4391796886920929,0.4391796886920929,0.19287879765033722,0.4049614369869232,2.9802322387695312e-08,0.40496140718460083,0.40496140718460083,0.40496140718460083,0.1639937162399292,0.04534125700592995,0.0,0.04534125700592995,0.04534125700592995,0.04534125700592995,0.0020558293908834457,1.0144662857055664,0.0,1.0144662857055664,1.0144662857055664,1.0144662857055664,1.0291420221328735,0.4623260200023651,2.9802322387695312e-08,0.4623259902000427,0.4623259902000427,0.4623259902000427,0.2137453407049179,normal,0,0
6.0,0.7151161432266235,5.960464477539063e-08,0.7151162028312683,1.1157702207565308,0.0,1.1157702207565308,0.0,0.0,0.0,4.0,0.7151162028312683,1.2449432611465454,15.9910306930542,0.15542635321617126,4.887576580047607,89.6803970336914,0.001028740662150085,0.8123098015785217,0.2233460545539856,0.39308851957321167,0.0,0.39308851957321167,0.39308851957321167,0.39308851957321167,0.15451858937740326,0.43917977809906006,8.940696716308594e-08,0.4391796886920929,0.4391796886920929,0.4391796886920929,0.19287879765033722,0.4049614369869232,2.9802322387695312e-08,0.40496140718460083,0.40496140718460083,0.40496140718460083,0.1639937162399292,0.04534125700592995,0.0,0.04534125700592995,0.04534125700592995,0.04534125700592995,0.0020558293908834457,1.0144662857055664,0.0,1.0144662857055664,1.0144662857055664,1.0144662857055664,1.0291420221328735,0.4623260200023651,2.9802322387695312e-08,0.4623259902000427,0.4623259902000427,0.4623259902000427,0.2137453407049179,normal,0,0
7.0,0.7151161432266235,5.960464477539063e-08,0.7151162028312683,1.1157702207565308,0.0,1.1157702207565308,0.0,0.0,0.0,4.0,0.7151162028312683,1.2449432611465454,15.9910306930542,0.15542635321617126,4.887576580047607,89.6803970336914,0.001028740662150085,0.8123098015785217,0.2233460545539856,0.39308851957321167,0.0,0.39308851957321167,0.39308851957321167,0.39308851957321167,0.15451858937740326,0.43917977809906006,8.940696716308594e-08,0.4391796886920929,0.4391796886920929,0.4391796886920929,0.19287879765033722,0.4049614369869232,2.9802322387695312e-08,0.40496140718460083,0.40496140718460083,0.40496140718460083,0.1639937162399292,0.04534125700592995,0.0,0.04534125700592995,0.04534125700592995,0.04534125700592995,0.0020558293908834457,1.0144662857055664,0.0,1.0144662857055664,1.0144662857055664,1.0144662857055664,1.0291420221328735,0.4623260200023651,2.9802322387695312e-08,0.4623259902000427,0.4623259902000427,0.4623259902000427,0.2137453407049179,normal,0,0
8.0,0.7151161432266235,5.960464477539063e-08,0.7151162028312683,1.1157702207565308,0.0,1.1157702207565308,0.0,0.0,0.0,4.0,0.7151162028312683,1.2449432611465454,15.9910306930542,0.15542635321617126,4.887576580047607,89.6803970336914,0.001028740662150085,0.8123098015785217,0.2233460545539856,0.39308851957321167,0.0,0.39308851957321167,0.39308851957321167,0.39308851957321167,0.15451858937740326,0.43917977809906006,8.940696716308594e-08,0.4391796886920929,0.4391796886920929,0.4391796886920929,0.19287879765033722,0.4049614369869232,2.9802322387695312e-08,0.40496140718460083,0.40496140718460083,0.40496140718460083,0.1639937162399292,0.04534125700592995,0.0,0.04534125700592995,0.04534125700592995,0.04534125700592995,0.0020558293908834457,1.0144662857055664,0.0,1.0144662857055664,1.0144662857055664,1.0144662857055664,1.0291420221328735,0.4623260200023651,2.9802322387695312e-08,0.4623259902000427,0.4623259902000427,0.4623259902000427,0.2137453407049179,normal,0,0
9.0,0.7151161432266235,5.960464477539063e-08,0.7151162028312683,1.1157702207565308,0.0,1.1157702207565308,0.0,0.0,0.0,4.0,0.7151162028312683,1.2449432611465454,15.9910306930542,0.15542635321617126,4.887576580047607,89.6803970336914,0.001028740662150085,0.8123098015785217,0.2233460545539856,0.39308851957321167,0.0,0.39308851957321167,0.39308851957321167,0.39308851957321167,0.15451858937740326,0.43917977809906006,8.940696716308594e-08,0.4391796886920929,0.4391796886920929,0.4391796886920929,0.19287879765033722,0.4049614369869232,2.9802322387695312e-08,0.40496140718460083,0.40496140718460083,0.40496140718460083,0.1639937162399292,0.04534125700592995,0.0,0.04534125700592995,0.04534125700592995,0.04534125700592995,0.0020558293908834457,1.0144662857055664,0.0,1.0144662857055664,1.0144662857055664,1.0144662857055664,1.0291420221328735,0.4623260200023651,2.9802322387695312e-08,0.4623259902000427,0.4623259902000427,0.4623259902000427,0.2137453407049179,normal,0,0
10.0,0.7151161432266235,5.960464477539063e-08,0.7151162028312683,1.1157702207565308,0.0,1.1157702207565308,0.0,0.0,0.0,4.0,0.7151162028312683,1.2449432611465454,15.9910306930542,0.15542635321617126,4.887576580047607,89.6803970336914,0.001028740662150085,0.8123098015785217,0.2233460545539856,0.39308851957321167,0.0,0.39308851957321167,0.39308851957321167,0.39308851957321167,0.15451858937740326,0.43917977809906006,8.940696716308594e-08,0.4391796886920929,0.4391796886920929,0.4391796886920929,0.19287879765033722,0.4049614369869232,2.9802322387695312e-08,0.40496140718460083,0.40496140718460083,0.40496140718460083,0.1639937162399292,0.04534125700592995,0.0,0.04534125700592995,0.04534125700592995,0.04534125700592995,0.0020558293908834457,1.0144662857055664,0.0,1.0144662857055664,1.0144662857055664,1.0144662857055664,1.0291420221328735,0.4623260200023651,2.9802322387695312e-08,0.4623259902000427,0.4623259902000427,0.4623259902000427,0.2137453407049179,normal,0,0
11.0,0.7151161432266235,5.960464477539063e-08,0.7151162028312683,1.1157702207565308,0.0,1.1157702207565308,0.0,0.0,0.0,4.0,0.7151162028312683,1.2449432611465454,15.9910306930542,0.15542635321617126,4.887576580047607,89.6803970336914,0.001028740662150085,0.8123098015785217,0.2233460545539856,0.39308851957321167,0.0,0.39308851957321167,0.39308851957321167,0.39308851957321167,0.15451858937740326,0.43917977809906006,8.940696716308594e-08,0.4391796886920929,0.4391796886920929,0.4391796886920929,0.19287879765033722,0.4049614369869232,2.9802322387695312e-08,0.40496140718460083,0.40496140718460083,0.40496140718460083,0.1639937162399292,0.04534125700592995,0.0,0.04534125700592995,0.04534125700592995,0.04534125700592995,0.0020558293908834457,1.0144662857055664,0.0,1.0144662857055664,1.0144662857055664,1.0144662857055664,1.0291420221328735,0.4623260200023651,2.9802322387695312e-08,0.4623259902000427,0.4623259902000427,0.4623259902000427,0.2137453407049179,normal,0,0
12.0,0.7151161432266235,5.960464477539063e-08,0.7151162028312683,1.1157702207565308,0.0,1.1157702207565308,0.0,0.0,0.0,4.0,0.7151162028312683,1.2449432611465454,15.9910306930542,0.15542635321617126,4.887576580047607,89.6803970336914,0.001028740662150085,0.8123098015785217,0.2233460545539856,0.39308851957321167,0.0,0.39308851957321167,0.39308851957321167,0.39308851957321167,0.15451858937740326,0.43917977809906006,8.940696716308594e-08,0.4391796886920929,0.4391796886920929,0.4391796886920929,0.19287879765033722,0.4049614369869232,2.9802322387695312e-08,0.40496140718460083,0.40496140718460083,0.40496140718460083,0.1639937162399292,0.04534125700592995,0.0,0.04534125700592995,0.04534125700592995,0.04534125700592995,0.0020558293908834457,1.0144662857055664,0.0,1.0144662857055664,1.0144662857055664,1.0144662857055664,1.0291420221328735,0.4623260200023651,2.9802322387695312e-08,0.4623259902000427,0.4623259902000427,0.4623259902000427,0.2137453407049179,normal,0,0
13.0,0.7151161432266235,5.960464477539063e-08,0.7151162028312683,1.1157702207565308,0.0,1.1157702207565308,0.0,0.0,0.0,4.0,0.7151162028312683,1.2449432611465454,15.9910306930542,0.15542635321617126,4.887576580047607,89.6803970336914,0.001028740662150085,0.8123098015785217,0.2233460545539856,0.39308851957321167,0.0,0.39308851957321167,0.39308851957321167,0.39308851957321167,0.15451858937740326,0.43917977809906006,8.940696716308594e-08,0.4391796886920929,0.4391796886920929,0.4391796886920929,0.19287879765033722,0.4049614369869232,2.9802322387695312e-08,0.40496140718460083,0.40496140718460083,0.40496140718460083,0.1639937162399292,0.04534125700592995,0.0,0.04534125700592995,0.04534125700592995,0.04534125700592995,0.0020558293908834457,1.0144662857055664,0.0,1.0144662857055664,1.0144662857055664,1.0144662857055664,1.0291420221328735,0.4623260200023651,2.9802322387695312e-08,0.4623259902000427,0.4623259902000427,0.4623259902000427,0.2137453407049179,normal,0,0
14.0,0.7151161432266235,5.960464477539063e-08,0.7151162028312683,1.1157702207565308,0.0,1.1157702207565308,0.0,0.0,0.0,4.0,0.7151162028312683,1.2449432611465454,15.9910306930542,0.15542635321617126,4.887576580047607,89.6803970336914,0.001028740662150085,0.8123098015785217,0.2233460545539856,0.39308851957321167,0.0,0.39308851957321167,0.39308851957321167,0.39308851957321167,0.15451858937740326,0.43917977809906006,8.940696716308594e-08,0.4391796886920929,0.4391796886920929,0.4391796886920929,0.19287879765033722,0.4049614369869232,2.9802322387695312e-08,0.40496140718460083,0.40496140718460083,0.40496140718460083,0.1639937162399292,0.04534125700592995,0.0,0.04534125700592995,0.04534125700592995,0.04534125700592995,0.0020558293908834457,1.0144662857055664,0.0,1.0144662857055664,1.0144662857055664,1.0144662857055664,1.0291420221328735,0.4623260200023651,2.9802322387695312e-08,0.4623259902000427,0.4623259902000427,0.4623259902000427,0.2137453407049179,normal,0,0
15.0,0.7151161432266235,5.960464477539063e-08,0.7151162028312683,1.1157702207565308,0.0,1.1157702207565308,0.0,0.0,0.0,4.0,0.7151162028312683,1.2449432611465454,15.9910306930542,0.15542635321617126,4.887576580047607,89.6803970336914,0.001028740662150085,0.8123098015785217,0.2233460545539856,0.39308851957321167,0.0,0.39308851957321167,0.39308851957321167,0.39308851957321167,0.15451858937740326,0.43917977809906006,8.940696716308594e-08,0.4391796886920929,0.4391796886920929,0.4391796886920929,0.19287879765033722,0.4049614369869232,2.9802322387695312e-08,0.40496140718460083,0.40496140718460083,0.40496140718460083,0.1639937162399292,0.04534125700592995,0.0,0.04534125700592995,0.04534125700592995,0.04534125700592995,0.0020558293908834457,1.0144662857055664,0.0,1.0144662857055664,1.0144662857055664,1.0144662857055664,1.0291420221328735,0.4623260200023651,2.9802322387695312e-08,0.4623259902000427,0.4623259902000427,0.4623259902000427,0.2137453407049179,normal,0,0
16.0,0.7151161432266235,5.960464477539063e-08,0.7151162028312683,1.1157702207565308,0.0,1.1157702207565308,0.0,0.0,0.0,4.0,0.7151162028312683,1.2449432611465454,15.9910306930542,0.15542635321617126,4.887576580047607,89.6803970336914,0.001028740662150085,0.8123098015785217,0.2233460545539856,0.39308851957321167,0.0,0.39308851957321167,0.39308851957321167,0.39308851957321167,0.15451858937740326,0.43917977809906006,8.940696716308594e-08,0.4391796886920929,0.4391796886920929,0.4391796886920929,0.19287879765033722,0.4049614369869232,2.9802322387695312e-08,0.40496140718460083,0.40496140718460083,0.40496140718460083,0.1639937162399292,0.04534125700592995,0.0,0.04534125700592995,0.04534125700592995,0.04534125700592995,0.0020558293908834457,1.0144662857055664,0.0,1.0144662857055664,1.0144662857055664,1.0144662857055664,1.0291420221328735,0.4623260200023651,2.9802322387695312e-08,0.4623259902000427,0.4623259902000427,0.4623259902000427,0.2137453407049179,normal,0,0
17.0,0.7151161432266235,5.960464477539063e-08,0.7151162028312683,1.1157702207565308,0.0,1.1157702207565308,0.0,0.0,0.0,4.0,0.7151162028312683,1.2449432611465454,15.9910306930542,0.15542635321617126,4.887576580047607,89.6803970336914,0.001028740662150085,0.8123098015785217,0.2233460545539856,0.39308851957321167,0.0,0.39308851957321167,0.39308851957321167,0.39308851957321167,0.15451858937740326,0.43917977809906006,8.940696716308594e-08,0.4391796886920929,0.4391796886920929,0.4391796886920929,0.19287879765033722,0.4049614369869232,2.9802322387695312e-08,0.40496140718460083,0.40496140718460083,0.40496140718460083,0.1639937162399292,0.04534125700592995,0.0,0.04534125700592995,0.04534125700592995,0.04534125700592995,0.0020558293908834457,1.0144662857055664,0.0,1.0144662857055664,1.0144662857055664,1.0144662857055664,1.0291420221328735,0.4623260200023651,2.9802322387695312e-08,0.4623259902000427,0.4623259902000427,0.4623259902000427,0.2137453407049179,normal,0,0
18.0,0.7151161432266235,5.960464477539063e-08,0.7151162028312683,1.1157702207565308,0.0,1.1157702207565308,0.0,0.0,0.0,4.0,0.7151162028312683,1.2449432611465454,15.9910306930542,0.15542635321617126,4.887576580047607,89.6803970336914,0.001028740662150085,0.8123098015785217,0.2233460545539856,0.39308851957321167,0.0,0.39308851957321167,0.39308851957321167,0.39308851957321167,0.15451858937740326,0.43917977809906006,8.940696716308594e-08,0.4391796886920929,0.4391796886920929,0.4391796886920929,0.19287879765033722,0.4049614369869232,2.9802322387695312e-08,0.40496140718460083,0.40496140718460083,0.40496140718460083,0.1639937162399292,0.04534125700592995,0.0,0.04534125700592995,0.04534125700592995,0.04534125700592995,0.0020558293908834457,1.0144662857055664,0.0,1.0144662857055664,1.0144662857055664,1.0144662857055664,1.0291420221328735,0.4623260200023651,2.9802322387695312e-08,0.4623259902000427,0.4623259902000427,0.4623259902000427,0.2137453407049179,normal,0,0
19.0,0.7151161432266235,5.960464477539063e-08,0.7151162028312683,1.1157702207565308,0.0,1.1157702207565308,0.0,0.0,0.0,4.0,0.7151162028312683,1.2449432611465454,15.9910306930542,0.15542635321617126,4.887576580047607,89.6803970336914,0.001028740662150085,0.8123098015785217,0.2233460545539856,0.39308851957321167,0.0,0.39308851957321167,0.39308851957321167,0.39308851957321167,0.15451858937740326,0.43917977809906006,8.940696716308594e-08,0.4391796886920929,0.4391796886920929,0.4391796886920929,0.19287879765033722,0.4049614369869232,2.9802322387695312e-08,0.40496140718460083,0.40496140718460083,0.40496140718460083,0.1639937162399292,0.04534125700592995,0.0,0.04534125700592995,0.04534125700592995,0.04534125700592995,0.0020558293908834457,1.0144662857055664,0.0,1.0144662857055664,1.0144662857055664,1.0144662857055664,1.0291420221328735,0.4623260200023651,2.9802322387695312e-08,0.4623259902000427,0.4623259902000427,0.4623259902000427,0.2137453407049179,normal,0,0
20.0,3.6340513229370117,3.8528940677642822,15.059882164001465,6.305651664733887,9.117870330810547,41.647972106933594,64.62570190429688,118.76297760009766,800.0820922851562,0.2,15.059882164001465,122.89679718017578,119.25741577148438,10.644244194030762,22.926469802856445,110.904541015625,57.08683776855469,54.34357452392578,11.120849609375,1.0690100193023682,3.081885576248169,-6.398426055908203,14.826549530029297,7.9777727127075195,10.640802383422852,2.3504652976989746,2.4611470699310303,0.4391796886920929,12.00499153137207,6.508059501647949,11.581932067871094,-0.4992029666900635,2.362030267715454,-10.328004837036133,7.565796375274658,1.4934804439544678,5.828390121459961,0.6921735405921936,7.5250420570373535,-19.124914169311523,39.99510192871094,17.2450008392334,57.10536193847656,1.5245752334594727,7.235439300537109,-26.287200927734375,27.426321029663086,19.364782333374023,54.6759147644043,0.33104002475738525,3.3175201416015625,-11.517664909362793,13.918790817260742,6.0621562004089355,11.115527153015137,normal,0,0
0.0,0.7278456091880798,0.05962540954351425,1.1057277917861938,1.1287492513656616,0.056680627167224884,1.4597437381744385,0.3709026575088501,1.4635553359985352,7.753976821899414,0.2,1.1057277917861938,1.277287483215332,16.329769134521484,0.18845583498477936,4.858785629272461,89.87036895751953,0.002103333594277501,0.8372102975845337,0.22686085104942322,0.4185439944267273,0.1109577938914299,0.39308851957321167,1.0644841194152832,0.511499285697937,0.18749071657657623,0.4324773848056793,0.029214879497885704,0.26240310072898865,0.4391796886920929,0.4391796886920929,0.1878901720046997,0.39505618810653687,0.043175842612981796,0.143708273768425,0.40496140718460083,0.40496140718460083,0.1579335331916809,0.05125436931848526,0.025774648413062096,0.04534125700592995,0.20130130648612976,0.0728471651673317,0.0032913426402956247,1.026640772819519,0.05306735634803772,1.0144662857055664,1.3355720043182373,1.0710982084274292,1.056807518005371,0.46579018235206604,0.015099883079528809,0.4623259902000427,0.5536940097808838,0.47844013571739197,0.21718847751617432,aggressive,0,1
1.0,0.7196844220161438,0.027176756411790848,0.9147448539733887,1.143426775932312,0.12116673588752747,1.8542048931121826,0.3709026575088501,1.4635552167892456,7.753976821899414,3.88,0.9147448539733887,1.3221063613891602,15.967477798461914,0.1587999165058136,4.789913654327393,89.44404602050781,0.0013592898612841964,0.8514704704284668,0.25756752490997314,0.39698272943496704,0.016974350437521935,0.39308851957321167,0.495798796415329,0.4112030267715454,0.1578833907842636,0.41434887051582336,0.10823526978492737,-0.21574203670024872,0.4391796886920929,0.4391796886920929,0.18339981138706207,0.4175820052623749,0.05501178279519081,0.40496140718460083,0.7378327250480652,0.4636682868003845,0.17740099132061005,0.039390482008457184,0.02593882754445076,-0.1116122305393219,0.04534125700592995,0.04534125700592995,0.002224432770162821,1.0325642824172974,0.0788869708776474,1.0144662857055664,1.4918041229248047,1.0986521244049072,1.0724122524261475,0.48633262515068054,0.10464252531528473,0.4623259902000427,1.0955084562301636,0.5739972591400146,0.24746951460838318,aggressive,0,1
2.0,0.7211512923240662,0.032779451459646225,0.9494017362594604,1.1298680305480957,0.062214795500040054,1.4991014003753662,0.3709026575088501,1.4635554552078247,7.753978252410889,0.2,0.9494017362594604,1.2804723978042603,16.482351303100586,0.18009275197982788,4.843152046203613,89.99009704589844,0.0011200681328773499,0.8227630853652954,0.2475864738225937,0.4136495888233185,0.0896238163113594,0.39308851957321167,0.9353941082954407,0.4887322783470154,0.1791384518146515,0.4286503493785858,0.04589642956852913,0.16146455705165863,0.4391796886920929,0.4391796886920929,0.18584758043289185,0.38891807198524475,0.0699312835931778,-0.018186455592513084,0.40496140718460083,0.40496140718460083,0.15614762902259827,0.04109295830130577,0.01851789839565754,-0.06670885533094406,0.04534125700592995,0.04534125700592995,0.002031543757766485,1.0199357271194458,0.02384065091609955,1.0144662857055664,1.1587239503860474,1.0399082899093628,1.0408374071121216,0.48077020049095154,0.08039617538452148,0.4623259902000427,0.9487959146499634,0.5481222867965698,0.23760348558425903,aggressive,0,1
3.0,0.727583646774292,0.05855870619416237,1.0996595621109009,1.103037714958191,0.05165139585733414,1.1157702207565308,0.3709027171134949,1.4635554552078247,7.753976345062256,0.2,1.0996595621109009,1.2193602323532104,16.017499923706055,0.18728774785995483,4.833914279937744,89.74176025390625,0.002411268651485443,0.7966706156730652,0.21339081227779388,0.41789260506629944,0.10811848938465118,0.39308851957321167,1.0473036766052246,0.5084692239761353,0.1863238513469696,0.426318883895874,0.0560591034591198,0.09997114539146423,0.4391796886920929,0.4391796886920929,0.18489038944244385,0.4017408788204193,0.014038055203855038,0.3200184106826782,0.40496140718460083,0.40496140718460083,0.1615927666425705,0.05221883952617645,0.0299786739051342,0.04534125700592995,0.22673948109149933,0.07733357697725296,0.0036255279555916786,1.0047358274459839,0.04241371899843216,0.757824718952179,1.0144662857055664,1.0144662857055664,1.0112932920455933,0.43089354038238525,0.13701088726520538,-0.36671435832977295,0.4623259902000427,0.4623259902000427,0.20444124937057495,aggressive,0,1
4.0,0.7247804403305054,0.047196634113788605,1.0344951152801514,1.1315377950668335,0.07115936279296875,1.5664222240447998,0.3709026575088501,1.4635553359985352,7.7539777755737305,0.2,1.0344951152801514,1.2854416370391846,16.775510787963867,0.1543859839439392,4.983578681945801,90.06491088867188,0.01477832905948162,0.8198322057723999,0.24129344522953033,0.3917216360569,0.005958040710538626,0.3570369482040405,0.39308851957321167,0.39308851957321167,0.1534813642501831,0.45906609296798706,0.08668264746665955,0.4391796886920929,0.9636884927749634,0.5316846966743469,0.21825551986694336,0.3851200342178345,0.08648651838302612,-0.11836063861846924,0.40496140718460083,0.40496140718460083,0.1557973474264145,0.0700223371386528,0.10758234560489655,0.04534125700592995,0.6963122487068176,0.16014981269836426,0.016477085649967194,1.0184638500213623,0.017424896359443665,1.0144662857055664,1.1199027299880981,1.0330616235733032,1.0375723838806152,0.4768487513065338,0.06330309063196182,0.4623259902000427,0.8453672528266907,0.5298810601234436,0.23139198124408722,aggressive,0,1
5.0,0.7091138958930969,0.02420736476778984,0.7151162028312683,1.129150152206421,0.0584658719599247,1.4708936214447021,0.3709026575088501,1.4635553359985352,7.7539777755737305,3.72,0.7151162028312683,1.2783983945846558,15.970993995666504,0.14949321746826172,4.789022445678711,89.53588104248047,0.002324155531823635,0.8386270403862,0.22616207599639893,0.38296210765838623,0.0441400483250618,0.12600111961364746,0.39308851957321167,0.39308851957321167,0.14860832691192627,0.4140889346599579,0.10936824232339859,-0.22259759902954102,0.4391796886920929,0.4391796886920929,0.183431014418602,0.4126375615596771,0.03345954418182373,0.40496140718460083,0.6074220538139343,0.44066840410232544,0.17138928174972534,0.05195749178528786,0.02883951924741268,0.04534125700592995,0.21984659135341644,0.07611790299415588,0.0035312995314598083,1.0272563695907593,0.055750392377376556,1.0144662857055664,1.351806879043579,1.0739613771438599,1.0583637952804565,0.46513763070106506,0.012255427427589893,0.4623259902000427,0.5364824533462524,0.4754045903682709,0.21650318801403046,aggressive,0,1
6.0,0.7260180711746216,0.05219933018088341,1.063320517539978,1.1184154748916626,0.01179575826972723,1.1896512508392334,0.3709027171134949,1.4635554552078247,7.753977298736572,0.2,1.063320517539978,1.2509922981262207,16.63129425048828,0.15189580619335175,4.997152328491211,89.99172973632812,0.0012026428012177348,0.8117695450782776,0.23009483516216278,0.3879375755786896,0.02245250903069973,0.2572304308414459,0.39308851957321167,0.39308851957321167,0.15099968016147614,0.461638480424881,0.09789546579122543,0.4391796886920929,1.0315362215042114,0.5436506867408752,0.2226935774087906,0.3888341784477234,0.07029695808887482,-0.020399095490574837,0.40496140718460083,0.40496140718460083,0.15613366663455963,0.0404059998691082,0.02151227928698063,-0.08482760936021805,0.04534125700592995,0.04534125700592995,0.0020954229403287172,1.0141654014587402,0.001311769476160407,1.0065288543701172,1.0144662857055664,1.0144662857055664,1.0285333395004272,0.4686252176761627,0.027457626536488533,0.4623259902000427,0.6284695863723755,0.49162793159484863,0.2203635275363922,aggressive,0,1
7.0,0.7379885911941528,0.10110709071159363,1.3381471633911133,1.113916277885437,0.00779971107840538,1.1157702207565308,0.3709027171134949,1.4635554552078247,7.753976821899414,0.2,1.3381471633911133,1.240870475769043,15.95523738861084,0.17653879523277283,4.869248867034912,89.29161834716797,0.0014384784735739231,0.8135184645652771,0.21725700795650482,0.41137945652008057,0.07972834259271622,0.39308851957321167,0.8755174875259399,0.4781721532344818,0.1755896806716919,0.43496185541152954,0.0183853879570961,0.32793137431144714,0.4391796886920929,0.4391796886920929,0.18952977657318115,0.4259057641029358,0.09129438549280167,0.40496140718460083,0.9573754668235779,0.5023879408836365,0.18973037600517273,0.048550862818956375,0.013990330509841442,0.04534125700592995,0.12999548017978668,0.060271307826042175,0.002552915131673217,1.015132188796997,0.002902400214225054,1.0144662857055664,1.0320284366607666,1.0175635814666748,1.0305018424987793,0.45463302731513977,0.03353279083967209,0.25942209362983704,0.4623259902000427,0.4623259902000427,0.20781566202640533,aggressive,0,1
8.0,0.7285317778587341,0.06242156773805618,1.1216025352478027,1.1015994548797607,0.06059875339269638,1.1157702207565308,0.3709026575088501,1.4635553359985352,7.753977298736572,0.2,1.1216025352478027,1.217193603515625,15.988810539245605,0.18765851855278015,4.834130764007568,89.7032241821289,0.0011140244314447045,0.796872079372406,0.21287277340888977,0.4181003272533417,0.10902402549982071,0.39308851957321167,1.0527830123901367,0.5094355940818787,0.18669414520263672,0.4263741374015808,0.05581825226545334,0.10142851620912552,0.4391796886920929,0.4391796886920929,0.18491055071353912,0.40376099944114685,0.005232641939073801,0.37329918146133423,0.40496140718460083,0.40496140718460083,0.16305026412010193,0.041150350123643875,0.01826774701476097,-0.0651952251791954,0.04534125700592995,0.04534125700592995,0.0020270617678761482,1.004878282546997,0.04179329052567482,0.7615788578987122,1.0144662857055664,1.0144662857055664,1.011527180671692,0.4446004629135132,0.07726389169692993,-0.005190826486796141,0.4623259902000427,0.4623259902000427,0.20363925397396088,aggressive,0,1
9.0,0.7424803376197815,0.119483582675457,1.4397727251052856,1.129655122756958,0.06153983995318413,1.4971728324890137,0.3709027171134949,1.4635553359985352,7.753977298736572,0.2,1.4397727251052856,1.2799077033996582,15.989123344421387,0.16962359845638275,4.998773574829102,89.49972534179688,0.0019999768119305372,0.8214685320854187,0.247706338763237,0.4065193831920624,0.05854398384690285,0.39308851957321167,0.7473328113555908,0.45556485652923584,0.1686854511499405,0.4619424343109131,0.09922029078006744,0.4391796886920929,1.0395526885986328,0.5450645089149475,0.22323542833328247,0.4145784080028534,0.04191935434937477,0.40496140718460083,0.6586115956306458,0.44969645142555237,0.1736324429512024,0.03660755604505539,0.03806932643055916,-0.18501277267932892,0.04534125700592995,0.04534125700592995,0.0027893867809325457,1.0192909240722656,0.021030141040682793,1.0144662857055664,1.141717791557312,1.0369089841842651,1.0393964052200317,0.4808412790298462,0.08070622384548187,0.4623259902000427,0.9506720304489136,0.548453152179718,0.23772184550762177,aggressive,0,1
10.0,0.7384834289550781,0.10313253849744797,1.349376916885376,1.1088331937789917,0.029255183413624763,1.1157702207565308,0.3709027171134949,1.4635552167892456,7.753977298736572,0.2,1.349376916885376,1.230366826057434,15.96045207977295,0.18155927956104279,4.874573230743408,89.34646606445312,0.005235605873167515,0.7967535257339478,0.22192953526973724,0.4145500957965851,0.09354876726865768,0.39308851957321167,0.9591436982154846,0.4929208755493164,0.18060316145420074,0.436204195022583,0.01297006756067276,0.36069899797439575,0.4391796886920929,0.4391796886920929,0.1904422789812088,0.4228936433792114,0.07816457003355026,0.40496140718460083,0.8779281377792358,0.4883762001991272,0.18494869768619537,0.0583442784845829,0.05667886137962341,0.04534125700592995,0.38829994201660156,0.105827197432518,0.006616549100726843,1.0047943592071533,0.04215896874666214,0.7593662142753601,1.0144662857055664,1.0144662857055664,1.0113892555236816,0.46077683568000793,0.006752798333764076,0.4214654266834259,0.4623259902000427,0.4623259902000427,0.21236087381839752,aggressive,0,1
11.0,0.713894784450531,0.012462953105568886,0.7761847376823425,1.1130443811416626,0.01148960366845131,1.1157702207565308,0.3709027171134949,1.4635552167892456,7.7539777755737305,3.8,0.7761847376823425,1.2389999628067017,16.158733367919922,0.14859075844287872,4.924823760986328,89.76669311523438,0.0012415084056556225,0.8130918741226196,0.21605344116687775,0.36654120683670044,0.11571697890758514,-0.3071044087409973,0.39308851957321167,0.39308851957321167,0.14774289727210999,0.44729092717170715,0.035355765372514725,0.4391796886920929,0.6531141996383667,0.476910263299942,0.2013191431760788,0.40043750405311584,0.01971922069787979,0.28564220666885376,0.40496140718460083,0.40496140718460083,0.16073903441429138,0.04738166928291321,0.008893956430256367,0.04534125700592995,0.09915778785943985,0.054832614958286285,0.00232412526383996,1.0148981809616089,0.0018823910504579544,1.0144662857055664,1.0258564949035645,1.0164752006530762,1.0300220251083374,0.45261818170547485,0.042315393686294556,0.20627939701080322,0.4623259902000427,0.4623259902000427,0.20665381848812103,aggressive,0,1
12.0,0.7039217948913574,0.044984325766563416,0.7151162028312683,1.1285427808761597,0.057148244231939316,1.474336862564087,0.3709026575088501,1.4635553359985352,7.753977298736572,3.72,0.7151162028312683,1.2768746614456177,16.776473999023438,0.1488213986158371,4.889506816864014,90.17536163330078,0.006329124793410301,0.8397892713546753,0.2198849469423294,0.3810111880302429,0.05264383181929588,0.0745454728603363,0.39308851957321167,0.39308851957321167,0.14794091880321503,0.4396147131919861,0.001895901863463223,0.4391796886920929,0.450651615858078,0.44120293855667114,0.19326461851596832,0.3795652687549591,0.11069927364587784,-0.2648698389530182,0.40496140718460083,0.40496140718460083,0.156324103474617,0.02739802375435829,0.07821273058652878,-0.42791691422462463,0.04534125700592995,0.04534125700592995,0.00686788372695446,1.0277564525604248,0.05793070048093796,1.0144662857055664,1.3649996519088745,1.076288104057312,1.059639573097229,0.4583264887332916,0.017433632165193558,0.3568366765975952,0.4623259902000427,0.4623259902000427,0.21036706864833832,aggressive,0,1
13.0,0.7053318619728088,0.03912433981895447,0.7151162028312683,1.1157939434051514,0.00473123649135232,1.148621678352356,0.3709027171134949,1.4635554552078247,7.753977298736572,3.72,0.7151162028312683,1.245018482208252,16.600217819213867,0.15960687398910522,4.82719612121582,90.13898468017578,0.007330806460231543,0.8123202323913574,0.21748343110084534,0.3978223502635956,0.020634187385439873,0.39308851957321167,0.5179440975189209,0.41510868072509766,0.15868836641311646,0.4245876669883728,0.06360536068677902,0.0543094240128994,0.4391796886920929,0.4391796886920929,0.18432030081748962,0.3813885748386383,0.10275156795978546,-0.21677900850772858,0.40496140718460083,0.40496140718460083,0.15601511299610138,0.02593265101313591,0.08460016548633575,-0.46656662225723267,0.04534125700592995,0.04534125700592995,0.007829688489437103,1.014472246170044,2.5548408302711323e-05,1.0144662857055664,1.0146209001541138,1.0144935846328735,1.0291539430618286,0.45498427748680115,0.03200196102261543,0.2686850428581238,0.4623259902000427,0.4623259902000427,0.20803479850292206,aggressive,0,1
14.0,0.734581470489502,0.08715768158435822,1.2605701684951782,1.1048222780227661,0.04747394472360611,1.1157702207565308,0.3709026575088501,1.4635553359985352,7.753977298736572,0.2,1.2605701684951782,1.2228862047195435,16.38033103942871,0.1855209767818451,4.938342094421387,89.87726593017578,0.0013098925119265914,0.7988395690917969,0.21607835590839386,0.4168891906738281,0.10374469310045242,0.39308851957321167,1.0208381414413452,0.5038016438484192,0.18455955386161804,0.4501012861728668,0.04760582372546196,0.4391796886920929,0.7272381782531738,0.4899831712245941,0.20485740900039673,0.3947015702724457,0.04472162202000618,0.13435493409633636,0.40496140718460083,0.40496140718460083,0.15778933465480804,0.04782581329345703,0.010829933919012547,0.04534125700592995,0.11087220907211304,0.056898631155490875,0.0024045961908996105,1.0062392950057983,0.03586077690124512,0.7974759936332703,1.0144662857055664,1.0144662857055664,1.0138037204742432,0.4526628851890564,0.04212050139904022,0.20745866000652313,0.4623259902000427,0.4623259902000427,0.20667783915996552,aggressive,0,1
15.0,0.7035894989967346,0.046380165964365005,0.7151162028312683,1.0819921493530273,0.14657506346702576,1.1157702207565308,0.3709027171134949,1.4635553359985352,7.753976821899414,3.72,0.7151162028312683,1.192191481590271,16.452791213989258,0.14771820604801178,4.895226001739502,90.03015899658203,0.0009872036753222346,0.7744187712669373,0.21594130992889404,0.3716143071651459,0.09360407292842865,-0.17330127954483032,0.39308851957321167,0.39308851957321167,0.14685888588428497,0.44089317321777344,0.007468807511031628,0.4391796886920929,0.4843727648258209,0.44715017080307007,0.19444255530834198,0.3868800401687622,0.07881490141153336,-0.07194042205810547,0.40496140718460083,0.40496140718460083,0.1558879315853119,0.04441845789551735,0.004022389650344849,0.021002141758799553,0.04534125700592995,0.04534125700592995,0.0019891790580004454,0.98102205991745,0.1457800418138504,0.13236458599567413,1.0144662857055664,1.0144662857055664,0.9836562275886536,0.45241546630859375,0.04319905862212181,0.20093241333961487,0.4623259902000427,0.4623259902000427,0.2065459042787552,aggressive,0,1
16.0,0.7186686992645264,0.023456783965229988,0.8906490802764893,1.0977225303649902,0.07749117910861969,1.1157702207565308,0.3709027171134949,1.4635554552078247,7.753976821899414,3.88,0.8906490802764893,1.2109994888305664,15.971782684326172,0.16607140004634857,4.78734827041626,89.58871459960938,0.0010854564607143402,0.7814578413963318,0.2254420518875122,0.4037218391895294,0.04634944349527359,0.39308851957321167,0.6735447645187378,0.44255122542381287,0.1651395857334137,0.4135991036891937,0.11150354146957397,-0.23551806807518005,0.4391796886920929,0.4391796886920929,0.18349720537662506,0.4098171591758728,0.021165726706385612,0.40496140718460083,0.5330333113670349,0.4275487959384918,0.16839808225631714,0.046068307012319565,0.0031691156327724457,0.04534125700592995,0.06451728940010071,0.048723239451646805,0.002132331719622016,0.9914781451225281,0.10020288079977036,0.40814775228500366,1.0144662857055664,1.0144662857055664,0.9930697679519653,0.4644477963447571,0.009248672984540462,0.4623259902000427,0.5182888507843018,0.47219589352607727,0.2157972902059555,aggressive,0,1
17.0,0.7376339435577393,0.09965511411428452,1.3300917148590088,1.1235705614089966,0.03462293744087219,1.3309983015060425,0.3709027171134949,1.4635553359985352,7.753976821899414,0.2,1.3300917148590088,1.2636096477508545,15.946953773498535,0.1619546264410019,4.883824348449707,89.17855834960938,0.0027485296595841646,0.8197141885757446,0.232463538646698,0.40011581778526306,0.030631328001618385,0.39308851957321167,0.5784358978271484,0.4257773458957672,0.16103096306324005,0.4383292496204376,0.0037071562837809324,0.4167480170726776,0.4391796886920929,0.4391796886920929,0.19214624166488647,0.43218109011650085,0.11864769458770752,0.40496140718460083,1.1228878498077393,0.531578540802002,0.2008577287197113,0.034346744418144226,0.047923970967531204,-0.24464234709739685,0.04534125700592995,0.04534125700592995,0.00347640598192811,1.0184036493301392,0.017162304371595383,1.0144662857055664,1.1183137893676758,1.0327813625335693,1.037440538406372,0.47054213285446167,0.0358133465051651,0.4623259902000427,0.6790292859077454,0.5005449056625366,0.22269250452518463,aggressive,0,1
18.0,0.7301777601242065,0.06914088875055313,1.1595851182937622,1.1492425203323364,0.1501883566379547,2.0573410987854004,0.3709026575088501,1.4635554552078247,7.753976345062256,0.2,1.1595851182937622,1.3433151245117188,15.987860679626465,0.14770002663135529,4.975682258605957,89.47364044189453,0.03910715505480766,0.8665672540664673,0.22281737625598907,0.37486135959625244,0.07945045828819275,-0.08765894919633865,0.39308851957321167,0.39308851957321167,0.1468334048986435,0.45754608511924744,0.08005685359239578,0.4391796886920929,0.9235965013504028,0.5246138572692871,0.21575742959976196,0.41598251461982727,0.04803978279232979,0.40496140718460083,0.6956457495689392,0.45622798800468445,0.17534925043582916,0.08741732686758041,0.1834053099155426,0.04534125700592995,1.1551101207733154,0.24106575548648834,0.04127930477261543,1.0382822751998901,0.10381186753511429,1.0144662857055664,1.6426225900650024,1.125251054763794,1.0888073444366455,0.4617599546909332,0.002467297250404954,0.4473966062068939,0.4623259902000427,0.4623259902000427,0.21322835981845856,aggressive,0,1
19.0,0.7284512519836426,0.06209304928779602,1.1197396516799927,1.115065336227417,0.024877754971385002,1.2728174924850464,0.3709027171134949,1.4635552167892456,7.753976345062256,0.2,1.1197396516799927,1.2439894676208496,15.980810165405273,0.18370424211025238,4.8218674659729,89.59998321533203,0.01999828778207302,0.7741682529449463,0.24888645112514496,0.41583251953125,0.09913883358240128,0.39308851957321167,0.9929686784744263,0.49888643622398376,0.18274520337581635,0.42319199442863464,0.06968896836042404,0.017498036846518517,0.4391796886920929,0.4391796886920929,0.18394798040390015,0.4092179238796234,0.01855352893471718,0.40496140718460083,0.5172271132469177,0.42476117610931396,0.16780349612236023,0.07459275424480438,0.12750430405139923,0.04534125700592995,0.8168582320213318,0.18140992522239685,0.02182142250239849,0.9804689884185791,0.14819075167179108,0.11777748912572861,1.0144662857055664,1.0144662857055664,0.9832801818847656,0.4815356731414795,0.08373300731182098,0.4623259902000427,0.9689868092536926,0.551683247089386,0.23888783156871796,aggressive,0,1
20.0,3.6359264850616455,3.851515054702759,15.059882164001465,6.317473888397217,9.111296653747559,41.647972106933594,64.9966049194336,118.57001495361328,800.0820922851562,0.2,15.059882164001465,122.92619323730469,119.30348205566406,10.637955665588379,22.996423721313477,111.31407165527344,57.09349060058594,54.34284591674805,11.144259452819824,1.0579354763031006,3.084691286087036,-6.398426055908203,14.826549530029297,7.9777727127075195,10.63454818725586,2.3653061389923096,2.450448989868164,0.4391796886920929,12.00499153137207,6.508059501647949,11.599373817443848,-0.520371675491333,2.3557207584381104,-10.328004837036133,7.565796375274658,1.4934804439544678,5.820207118988037,0.7088910937309265,7.5239577293396,-19.124914169311523,39.99510192871094,17.2450008392334,57.112464904785156,1.5241689682006836,7.23546838760376,-26.287200927734375,27.426321029663086,19.364782333374023,54.67509460449219,0.34902632236480713,3.3191580772399902,-11.517664909362793,13.918790817260742,6.0621562004089355,11.138628959655762,aggressive,0,1
0.0,0.7049610614776611,0.048893265426158905,0.7507051229476929,1.1115303039550781,0.017037702724337578,1.1157702207565308,0.6181711554527283,2.4392592906951904,12.923294067382812,3.76,0.7507051229476929,1.2357898950576782,16.265304565429688,0.15856312215328217,4.830626010894775,89.91981506347656,0.014890240505337715,0.7978883385658264,0.21737436950206757,0.35002487897872925,0.18771027028560638,-0.7427293658256531,0.39308851957321167,0.39308851957321167,0.15775255858898163,0.42547523975372314,0.05973651260137558,0.07771950215101242,0.4391796886920929,0.4391796886920929,0.18459758162498474,0.392512708902359,0.05426273122429848,0.07662253826856613,0.40496140718460083,0.40496140718460083,0.15701062977313995,0.017380470409989357,0.1218782514333725,-0.6921328902244568,0.04534125700592995,0.04534125700592995,0.015156383626163006,1.0055874586105347,0.03870166093111038,0.7802860736846924,1.0144662857055664,1.0144662857055664,1.0127042531967163,0.4548160433769226,0.0327351912856102,0.2642483115196228,0.4623259902000427,0.4623259902000427,0.20792922377586365,risky,0,1
1.0,0.7052428722381592,0.048083607107400894,0.7562841176986694,1.140374779701233,0.1164548397064209,1.8830735683441162,0.6181710958480835,2.4392592906951904,12.923294067382812,3.76,0.7562841176986694,1.3140164613723755,16.088193893432617,0.15621960163116455,4.794845104217529,89.75885009765625,0.019642069935798645,0.794450044631958,0.29596638679504395,0.35268524289131165,0.17611396312713623,-0.6725610494613647,0.39308851957321167,0.39308851957321167,0.1554029881954193,0.41577231884002686,0.10203052312135696,-0.1781977266073227,0.4391796886920929,0.4391796886920929,0.18327683210372925,0.4008466601371765,0.01793578639626503,0.29643359780311584,0.40496140718460083,0.40496140718460083,0.16099971532821655,0.013206491246819496,0.14007219672203064,-0.8022228479385376,0.04534125700592995,0.04534125700592995,0.019794628024101257,1.003127098083496,0.04942632094025612,0.7153920531272888,1.0144662857055664,1.0144662857055664,1.0087071657180786,0.5034188628196716,0.17911961674690247,0.4623259902000427,1.5461626052856445,0.6534769535064697,0.28551438450813293,risky,0,1
2.0,0.7387063503265381,0.11244122684001923,1.4556413888931274,1.1253727674484253,0.04530864208936691,1.4160759449005127,0.6181710958480835,2.4392588138580322,12.923294067382812,0.2,1.4556413888931274,1.2685166597366333,17.187484741210938,0.1521129012107849,5.070230484008789,90.27182006835938,0.0010835108114406466,0.8432421088218689,0.212183877825737,0.38830575346946716,0.020847748965024948,0.2669406831264496,0.39308851957321167,0.39308851957321167,0.15121597051620483,0.47471246123313904,0.15488342940807343,0.4391796886920929,1.376365303993225,0.6044664978981018,0.2493407279253006,0.3747650980949402,0.13162271678447723,-0.3914756178855896,0.40496140718460083,0.40496140718460083,0.15777340531349182,0.04146192595362663,0.016909610480070114,-0.05697726458311081,0.04534125700592995,0.04534125700592995,0.0020050264429301023,1.029218077659607,0.06430140882730484,1.0144662857055664,1.403548240661621,1.0830867290496826,1.0634245872497559,0.43800678849220276,0.10600503534078598,-0.17910081148147583,0.4623259902000427,0.4623259902000427,0.2030870020389557,risky,0,1
3.0,0.7558233737945557,0.17980051040649414,1.820117473602295,1.1039948463439941,0.04847441613674164,1.1157702207565308,0.6181710958480835,2.4392592906951904,12.923298835754395,0.2,1.820117473602295,1.2211545705795288,15.980550765991211,0.23255005478858948,4.907968044281006,89.48171997070312,0.005637997295707464,0.7717946767807007,0.24610266089439392,0.43852904438972473,0.19807082414627075,0.39308851957321167,1.5915971994400024,0.6044636368751526,0.23153984546661377,0.4436909556388855,0.019663754850625992,0.4391796886920929,0.5581632852554321,0.46016421914100647,0.19724825024604797,0.4155477285385132,0.04614461213350296,0.40496140718460083,0.6841782331466675,0.4542055130004883,0.17480920255184174,0.059018224477767944,0.05961652845144272,0.04534125700592995,0.40607544779777527,0.10896217077970505,0.007037279661744833,0.9675779938697815,0.20438160002231598,-0.22222846746444702,1.0144662857055664,1.0144662857055664,0.9779790639877319,0.47987914085388184,0.07651231437921524,0.4623259902000427,0.9252951145172119,0.5439775586128235,0.23613812029361725,risky,0,1
4.0,0.7607154846191406,0.1992463618516922,1.924295425415039,1.1025917530059814,0.054074015468358994,1.1157702207565308,0.6181710958480835,2.4392588138580322,12.923295021057129,0.2,1.924295425415039,1.218632459640503,15.97071647644043,0.21321135759353638,4.986771583557129,89.32372283935547,0.011035185307264328,0.7870674133300781,0.21668632328510284,0.4306294918060303,0.16363739967346191,0.39308851957321167,1.383243441581726,0.5677173137664795,0.2122189700603485,0.45967578887939453,0.08934012800455093,0.4391796886920929,0.979768693447113,0.5345207452774048,0.21928340196609497,0.42414093017578125,0.08360138535499573,0.40496140718460083,0.9108258485794067,0.49417823553085327,0.18688468635082245,0.021330464631319046,0.10466062277555466,-0.5879506468772888,0.04534125700592995,0.04534125700592995,0.011408831924200058,0.9971154928207397,0.07563037425279617,0.5568337440490723,1.0144662857055664,1.0144662857055664,0.999959409236908,0.45371150970458984,0.037549812346696854,0.23511546850204468,0.4623259902000427,0.4623259902000427,0.20726409554481506,risky,0,1
5.0,0.7565109133720398,0.18253076076507568,1.8347597122192383,1.1532580852508545,0.16654889285564423,2.147986650466919,0.6181711554527283,2.4392590522766113,12.923295021057129,0.2,1.8347597122192383,1.3577429056167603,15.930060386657715,0.1630306988954544,4.925078868865967,88.85888671875,0.002039422281086445,0.8366265892982483,0.30930763483047485,0.4011037051677704,0.03493737801909447,0.39308851957321167,0.6044914126396179,0.43037259578704834,0.1621048003435135,0.4473446011543274,0.035589613020420074,0.4391796886920929,0.6545292139053345,0.4771598279476166,0.20138372480869293,0.4504186511039734,0.19814340770244598,0.40496140718460083,1.6039091348648071,0.616413950920105,0.24213773012161255,0.03647088259458542,0.03866506367921829,-0.188617542386055,0.04534125700592995,0.04534125700592995,0.002825112547725439,1.0263850688934326,0.051952484995126724,1.0144662857055664,1.3288260698318481,1.0699083805084229,1.0561654567718506,0.5083813071250916,0.20075038075447083,0.4623259902000427,1.6770483255386353,0.676560640335083,0.2987522482872009,risky,0,1
6.0,0.7541455030441284,0.1731414496898651,1.7843809127807617,1.1501182317733765,0.1507125049829483,2.0359108448028564,0.6181711554527283,2.4392592906951904,12.923294067382812,0.2,1.7843809127807617,1.3454864025115967,15.987040519714355,0.23268523812294006,4.8803510665893555,89.4706802368164,0.004364634398370981,0.8657663464546204,0.26270386576652527,0.4385809302330017,0.19829688966274261,0.39308851957321167,1.592965006828308,0.6047048568725586,0.231674924492836,0.4375363886356354,0.007163196802139282,0.39583584666252136,0.4391796886920929,0.4391796886920929,0.19148936867713928,0.41614195704460144,0.048734795302152634,0.40496140718460083,0.6998512148857117,0.456969678401947,0.17554917931556702,0.03074255958199501,0.0636342465877533,-0.33970382809638977,0.04534125700592995,0.04534125700592995,0.004994422663003206,1.0379910469055176,0.10254188627004623,1.0144662857055664,1.6349378824234009,1.1238957643508911,1.0879403352737427,0.4889557659626007,0.1160764992237091,0.4623259902000427,1.1646943092346191,0.5861992239952087,0.25255149602890015,risky,0,1
7.0,0.724338710308075,0.05957605689764023,1.1509226560592651,1.119315505027771,0.0568375401198864,1.5276451110839844,0.6181711554527283,2.4392590522766113,12.923294067382812,3.88,1.1509226560592651,1.2560977935791016,15.9724760055542,0.16798026859760284,4.72841739654541,89.61160278320312,0.01078895665705204,0.7948356866836548,0.24405436217784882,0.4052557349205017,0.05303558334708214,0.39308851957321167,0.7140020132064819,0.4496864676475525,0.1670449823141098,0.39405784010887146,0.1966816931962967,-0.7509233951568604,0.4391796886920929,0.4391796886920929,0.19396525621414185,0.4086002707481384,0.015861378982663155,0.40496140718460083,0.5009371638298035,0.42188817262649536,0.16720573604106903,0.02160668931901455,0.10345658659934998,-0.580665111541748,0.04534125700592995,0.04534125700592995,0.01117011345922947,1.0034120082855225,0.04818430542945862,0.7229074239730835,1.0144662857055664,1.0144662857055664,1.009157657623291,0.3987672030925751,0.2770463526248932,-1.2140562534332275,0.4623259902000427,0.4623259902000427,0.23576997220516205,risky,0,1
8.0,0.7579805254936218,0.1883699744939804,1.8660569190979004,1.1760367155075073,0.2646315097808838,2.731468439102173,0.6181710958480835,2.4392588138580322,12.923294067382812,0.2,1.8660569190979004,1.453092336654663,15.978357315063477,0.22057460248470306,4.909428596496582,89.25802612304688,0.033051103353500366,0.9386165738105774,0.26215165853500366,0.4337591528892517,0.17727923393249512,0.39308851957321167,1.4657889604568481,0.5822754502296448,0.2195749282836914,0.44400736689567566,0.021043123677372932,0.4391796886920929,0.5665097236633301,0.4616362750530243,0.1975852996110916,0.42776185274124146,0.09938465058803558,0.40496140718460083,1.0063289403915405,0.511021614074707,0.19285747408866882,0.08379996567964554,0.16763760149478912,0.04534125700592995,1.0597012042999268,0.22423893213272095,0.035124801099300385,1.0607681274414062,0.20182517170906067,1.0144662857055664,2.235692024230957,1.2298479080200195,1.1659626960754395,0.4886801838874817,0.11487529426813126,0.4623259902000427,1.1574259996414185,0.5849173665046692,0.2520046830177307,risky,0,1
9.0,0.745883047580719,0.1404813528060913,1.6084020137786865,1.1393685340881348,0.12865860760211945,2.020488977432251,0.6181711554527283,2.4392590522766113,12.923295021057129,0.2,1.6084020137786865,1.314713716506958,17.219226837158203,0.18720796704292297,5.025939464569092,90.23818969726562,0.08644845336675644,0.7756298184394836,0.25371089577674866,0.41784775257110596,0.10792311280965805,0.39308851957321167,1.0461214780807495,0.5082607269287109,0.1862441599369049,0.4669361114501953,0.120987169444561,0.4391796886920929,1.1712621450424194,0.5682934522628784,0.23266716301441193,0.37643373012542725,0.12434931844472885,-0.34746497869491577,0.40496140718460083,0.40496140718460083,0.15716508030891418,-0.021617481485009193,0.29186636209487915,-1.7207156419754028,0.04534125700592995,0.04534125700592995,0.08565329760313034,0.9833899140357971,0.13545867800712585,0.1948181539773941,1.0144662857055664,1.0144662857055664,0.9854049682617188,0.4842637777328491,0.09562457352876663,0.4623259902000427,1.040941596031189,0.5643735527992249,0.2436554729938507,risky,0,1
10.0,0.7459109425544739,0.14059123396873474,1.6089966297149658,1.1062438488006592,0.03855721279978752,1.1157702207565308,0.6181711554527283,2.4392590522766113,12.923295021057129,0.2,1.6089966297149658,1.2252624034881592,15.946866989135742,0.14923280477523804,4.989861488342285,89.11857604980469,0.01199742779135704,0.791414737701416,0.2172171026468277,0.3644985258579254,0.12462092190980911,-0.36098143458366394,0.39308851957321167,0.39308851957321167,0.1483895480632782,0.46026328206062317,0.09190088510513306,0.4391796886920929,0.9952635765075684,0.5372534394264221,0.2202879786491394,0.4355451464653015,0.13331128656864166,0.40496140718460083,1.211615800857544,0.5472270846366882,0.20747144520282745,0.0202821996062994,0.10922989249229431,-0.6155989170074463,0.04534125700592995,0.04534125700592995,0.012342536821961403,1.0007954835891724,0.05958978831768036,0.6538938879966736,1.0144662857055664,1.0144662857055664,1.0051426887512207,0.45457032322883606,0.03380629047751427,0.2577671706676483,0.4623259902000427,0.4623259902000427,0.2077770233154297,risky,0,1
11.0,0.7399476766586304,0.11725656688213348,1.4820514917373657,1.1077334880828857,0.046713054180145264,1.230751872062683,0.6181710958480835,2.4392590522766113,12.923295021057129,0.2,1.4820514917373657,1.2292555570602417,16.64132308959961,0.22052301466464996,4.843994617462158,90.08662414550781,0.01516020204871893,0.7735021114349365,0.24583137035369873,0.4337378740310669,0.177186518907547,0.39308851957321167,1.4652280807495117,0.5821765661239624,0.21952363848686218,0.42886030673980713,0.04498118534684181,0.1670026332139969,0.4391796886920929,0.4391796886920929,0.18594446778297424,0.3840233087539673,0.09126703441143036,-0.14728714525699615,0.40496140718460083,0.40496140718460083,0.15580356121063232,0.017125796526670456,0.12298833578824997,-0.6988500356674194,0.04534125700592995,0.04534125700592995,0.015419423580169678,0.9599979519844055,0.23742201924324036,-0.4221527874469757,1.0144662857055664,1.0144662857055664,0.9779654145240784,0.47971436381340027,0.07579396665096283,0.4623259902000427,0.9209483861923218,0.5432109832763672,0.2358705699443817,risky,0,1
12.0,0.6940414309501648,0.08883178234100342,0.7151162028312683,1.0960572957992554,0.08170636743307114,1.1157702207565308,0.6181710958480835,2.4392592906951904,12.923295021057129,3.72,0.7151162028312683,1.2080174684524536,16.784870147705078,0.14790590107440948,4.795464992523193,90.33723449707031,0.0013289679773151875,0.7881889939308167,0.21324336528778076,0.36984291672706604,0.10132531821727753,-0.2200218141078949,0.39308851957321167,0.39308851957321167,0.14705060422420502,0.41594940423965454,0.10125859081745148,-0.1735268384218216,0.4391796886920929,0.4391796886920929,0.18326719105243683,0.371535986661911,0.14569804072380066,-0.47664427757263184,0.40496140718460083,0.40496140718460083,0.1592668890953064,0.047941312193870544,0.01133336964994669,0.04534125700592995,0.11391844600439072,0.05743587762117386,0.0024268145207315683,0.9981100559234619,0.0712951123714447,0.5830659866333008,1.0144662857055664,1.0144662857055664,1.0013068914413452,0.4313814640045166,0.1348840743303299,-0.3538452982902527,0.4623259902000427,0.4623259902000427,0.2042836993932724,risky,0,1
13.0,0.7619502544403076,0.20416057109832764,1.950587511062622,1.1489555835723877,0.14967575669288635,2.05928111076355,0.6181710958480835,2.4392588138580322,12.923295021057129,0.2,1.950587511062622,1.3425015211105347,15.975292205810547,0.19270168244838715,5.031902313232422,89.22882843017578,0.008106153458356857,0.8187242746353149,0.30813661217689514,0.4208358824253082,0.12094800919294357,0.39308851957321167,1.1249339580535889,0.522160530090332,0.191731259226799,0.4680081903934479,0.1256602257490158,0.4391796886920929,1.199538230895996,0.573280394077301,0.2348220944404602,0.42938005924224854,0.10643840581178665,0.40496140718460083,1.0490105152130127,0.5185492038726807,0.19569635391235352,0.024876320734620094,0.08920460194349289,-0.4944276511669159,0.04534125700592995,0.04534125700592995,0.008576291613280773,1.0178954601287842,0.014947834424674511,1.0144662857055664,1.1049143075942993,1.0304181575775146,1.0363349914550781,0.5079599618911743,0.19891402125358582,0.4623259902000427,1.6659365892410278,0.6746008992195129,0.29759013652801514,risky,0,1
14.0,0.7598828077316284,0.1959337294101715,1.9065649509429932,1.132529854774475,0.07708368450403214,1.613406777381897,0.6181710958480835,2.4392592906951904,12.923296928405762,0.2,1.9065649509429932,1.2885656356811523,15.943439483642578,0.16398701071739197,5.014704704284668,88.98489379882812,0.016575610265135765,0.845353364944458,0.21540650725364685,0.4019530415534973,0.03863968327641487,0.39308851957321167,0.6268937587738037,0.43432360887527466,0.1630593091249466,0.4648931622505188,0.1120821163058281,0.4391796886920929,1.1173783540725708,0.5587902665138245,0.22868797183036804,0.4431387186050415,0.16641099750995636,0.40496140718460083,1.411899209022522,0.5825501084327698,0.22406455874443054,0.015828562900424004,0.12864285707473755,-0.7330649495124817,0.04534125700592995,0.04534125700592995,0.016799524426460266,1.030094027519226,0.06811945140361786,1.0144662857055664,1.426650881767273,1.0871613025665283,1.0657340288162231,0.45140397548675537,0.04760799556970596,0.17425434291362762,0.4623259902000427,0.4623259902000427,0.20603206753730774,risky,0,1
15.0,0.759219229221344,0.19329482316970825,1.8924360275268555,1.1156715154647827,0.00045527712791226804,1.1160207986831665,0.6181711554527283,2.4392590522766113,12.923291206359863,0.2,1.8924360275268555,1.2447230815887451,15.985381126403809,0.2221871018409729,4.977793216705322,89.46157836914062,0.0013290953356772661,0.8104155659675598,0.22515609860420227,0.43442320823669434,0.1801738291978836,0.39308851957321167,1.4833040237426758,0.5853644609451294,0.22118616104125977,0.4579540193080902,0.08183521777391434,0.4391796886920929,0.9343571662902832,0.5265117287635803,0.21641883254051208,0.41663333773612976,0.05087664723396301,0.40496140718460083,0.7128114104270935,0.4592553973197937,0.17617173492908478,0.03956702724099159,0.025169285014271736,-0.10695580393075943,0.04534125700592995,0.04534125700592995,0.0021990425884723663,1.0134027004241943,0.0046361587010324,0.986413300037384,1.0144662857055664,1.0144662857055664,1.0270066261291504,0.46416884660720825,0.00803286861628294,0.4623259902000427,0.5109321475028992,0.47089841961860657,0.21551726758480072,risky,0,1
16.0,0.7509380578994751,0.1604325920343399,1.7160630226135254,1.112979531288147,0.012632651254534721,1.1191251277923584,0.6181711554527283,2.4392592906951904,12.92329216003418,0.2,1.7160630226135254,1.2388832569122314,15.922150611877441,0.14845861494541168,4.937896251678467,88.89080047607422,0.011574133299291134,0.8074394464492798,0.21250885725021362,0.37971261143684387,0.058304477483034134,0.04029345139861107,0.39308851957321167,0.39308851957321167,0.1475810408592224,0.45000937581062317,0.04720538482069969,0.4391796886920929,0.7248151898384094,0.48955583572387695,0.20473675429821014,0.44856271147727966,0.19005337357521057,0.40496140718460083,1.5549571514129639,0.6077805161476135,0.23732873797416687,0.02073744684457779,0.10724551975727081,-0.6035916805267334,0.04534125700592995,0.04534125700592995,0.011931643821299076,1.0116770267486572,0.012158204801380634,0.940898060798645,1.0144662857055664,1.0144662857055664,1.023638367652893,0.4427807629108429,0.08519584685564041,-0.05318629369139671,0.4623259902000427,0.4623259902000427,0.20331309735774994,risky,0,1
17.0,0.7602198719978333,0.19727492332458496,1.9137440919876099,1.1288347244262695,0.05828505754470825,1.4801288843154907,0.6181710958480835,2.4392592906951904,12.923294067382812,0.2,1.9137440919876099,1.2776648998260498,15.983855247497559,0.21634846925735474,4.992435455322266,89.4037857055664,0.0035312017425894737,0.8194474577903748,0.2462812066078186,0.4319833517074585,0.16953876614570618,0.39308851957321167,1.418952226638794,0.5740150213241577,0.21535305678844452,0.4607503414154053,0.09402399510145187,0.4391796886920929,1.0081102848052979,0.539519190788269,0.2211313098669052,0.4197656512260437,0.0645301416516304,0.40496140718460083,0.7954273819923401,0.47382596135139465,0.18036732077598572,0.03245675191283226,0.0561622679233551,-0.2944914996623993,0.04534125700592995,0.04534125700592995,0.004207640420645475,1.0182671546936035,0.016567466780543327,1.0144662857055664,1.114714503288269,1.0321465730667114,1.0371426343917847,0.4799875020980835,0.07698462903499603,0.4623259902000427,0.9281530380249023,0.5444815754890442,0.23631462454795837,risky,0,1
18.0,0.724000871181488,0.05846686288714409,1.1437933444976807,1.1059043407440186,0.04112594574689865,1.1157702207565308,0.6181711554527283,2.4392592906951904,12.923295021057129,3.88,1.1437933444976807,1.2247158288955688,16.43290901184082,0.15765592455863953,4.968479156494141,89.90737915039062,0.001783929648809135,0.8030721545219421,0.21226535737514496,0.35101714730262756,0.18338501453399658,-0.716557502746582,0.39308851957321167,0.39308851957321167,0.15684309601783752,0.45614367723464966,0.07394403964281082,0.4391796886920929,0.886608362197876,0.5180904865264893,0.21353469789028168,0.3931509256362915,0.0514807291328907,0.09345618635416031,0.40496140718460083,0.40496140718460083,0.15721789002418518,0.05010097101330757,0.02074711211025715,0.04534125700592995,0.17088015377521515,0.06748193502426147,0.002940550446510315,1.0090088844299316,0.023788224905729294,0.8705258965492249,1.0144662857055664,1.0144662857055664,1.0186649560928345,0.440822958946228,0.09372972697019577,-0.10482402890920639,0.4623259902000427,0.4623259902000427,0.20311012864112854,risky,0,1
19.0,0.7375134229660034,0.10783220827579498,1.4302681684494019,1.1370816230773926,0.09304064512252808,1.6800636053085327,0.6181711554527283,2.4392592906951904,12.923295021057129,0.2,1.4302681684494019,1.301611304283142,16.17961311340332,0.15325701236724854,5.034039497375488,89.60543060302734,0.0012078534346073866,0.8462688326835632,0.24251045286655426,0.3566429913043976,0.15886233747005463,-0.5681729912757874,0.39308851957321167,0.39308851957321167,0.15243147313594818,0.4683902859687805,0.12732580304145813,0.4391796886920929,1.2096165418624878,0.5750578045845032,0.2356012463569641,0.4089280664920807,0.01729016937315464,0.40496140718460083,0.5095826387405396,0.423412948846817,0.16752107441425323,0.04714176803827286,0.007848239503800869,0.04534125700592995,0.09283024072647095,0.05371665582060814,0.0022839410230517387,1.0304700136184692,0.06975854188203812,1.0144662857055664,1.4365688562393188,1.088910460472107,1.0667349100112915,0.47763779759407043,0.06674257665872574,0.4623259902000427,0.8661792278289795,0.5335516333580017,0.23259243369102478,risky,0,1
20.0,3.6000189781188965,3.825648307800293,15.059882164001465,6.313809394836426,9.119085311889648,41.647972106933594,64.49463653564453,118.78250122070312,800.0820922851562,0.2,15.059882164001465,123.02188110351562,119.17973327636719,10.719969749450684,22.342697143554688,110.43417358398438,57.25758743286133,54.29998016357422,11.116738319396973,1.0534356832504272,3.0994937419891357,-6.398426055908203,14.826549530029297,7.9777727127075195,10.71658706665039,2.311821222305298,2.405907154083252,0.4391796886920929,12.00499153137207,6.238345623016357,11.132906913757324,-0.47772398591041565,2.3490445613861084,-10.328004837036133,7.565796375274658,1.5834985971450806,5.746230602264404,0.6653580665588379,7.538746356964111,-19.124914169311523,39.99510192871094,17.2450008392334,57.2754020690918,1.5365381240844727,7.230084419250488,-26.287200927734375,27.426321029663086,19.364782333374023,54.635074615478516,0.3288135230541229,3.317124128341675,-11.517664909362793,13.918790817260742,6.0621562004089355,11.111429214477539,risky,0,1
0.0,0.7675639986991882,0.33282458782196045,4.781314849853516,1.1736761331558228,0.37626582384109497,5.0957770347595215,3.4695968627929688,17.820873260498047,126.42261505126953,0.2,4.781314849853516,1.5190918445587158,16.570295333862305,0.329788476228714,4.923820495605469,89.59172058105469,0.008875695057213306,1.0327824354171753,0.25709545612335205,0.3201412856578827,0.47597771883010864,-4.626108169555664,0.9994632601737976,0.4013043940067291,0.32904526591300964,0.44679147005081177,0.04966659098863602,0.37590673565864563,0.9629150629043579,0.4827467203140259,0.20208938419818878,0.40968528389930725,0.030823078006505966,0.3656942844390869,0.7299915552139282,0.431999146938324,0.16879209876060486,0.05805208161473274,0.08293764293193817,-0.06031763181090355,0.9199206829071045,0.11809337139129639,0.010248695500195026,1.0678659677505493,0.34843119978904724,0.5705803632736206,4.688681602478027,1.320107340812683,1.261742115020752,0.4813478887081146,0.12411726266145706,0.30420607328414917,1.7711454629898071,0.5712007880210876,0.24710088968276978,synthetic_crash,1,1
1.0,0.7712526917457581,0.2526063024997711,2.4470629692077637,1.1677956581115723,0.24162410199642181,2.812908411026001,1.111942172050476,4.1599345207214355,23.2730712890625,0.2,2.4470629692077637,1.4221289157867432,16.635986328125,0.16773320734500885,5.234340667724609,89.57731628417969,0.029789194464683533,0.8284618854522705,0.35402214527130127,0.4050087332725525,0.0525977648794651,0.38217487931251526,0.7484888434410095,0.45050111413002014,0.16679859161376953,0.5002341866493225,0.26940208673477173,0.3832809627056122,2.259514570236206,0.7332428693771362,0.32281172275543213,0.41042542457580566,0.024109715595841408,0.3999590575695038,0.5678691864013672,0.4312778413295746,0.16903026401996613,0.08130641281604767,0.15869565308094025,0.012413056567311287,1.1176390647888184,0.21856391429901123,0.031795039772987366,1.0226668119430542,0.03618457168340683,1.006958246231079,1.2589635848999023,1.0539631843566895,1.0471566915512085,0.5224030017852783,0.26508915424346924,0.4073222279548645,2.25351881980896,0.7516816854476929,0.3431772291660309,synthetic_crash,1,1
2.0,0.7374790906906128,0.1713307648897171,2.343484401702881,1.139582872390747,0.16734401881694794,2.5802109241485596,2.39522123336792,9.632802963256836,81.72233581542969,0.2,2.343484401702881,1.3266531229019165,16.174179077148438,0.21606343984603882,4.889675140380859,89.66529083251953,0.003406357252970338,0.8772122859954834,0.23311084508895874,0.3501533567905426,0.3043767213821411,-2.250885009765625,0.8250280618667603,0.5535051226615906,0.2152525782585144,0.43965017795562744,0.003335270332172513,0.43444666266441345,0.46815159916877747,0.44252774119377136,0.1933034062385559,0.4057604968547821,0.005664891563355923,0.3969224989414215,0.45416951179504395,0.4106481373310089,0.16467367112636566,0.03788333013653755,0.05287090316414833,-0.41392290592193604,0.12037026882171631,0.0732058510184288,0.004230479244142771,1.036577820777893,0.1567535698413849,0.7920178771018982,2.3761088848114014,1.1718249320983887,1.0990653038024902,0.4697038233280182,0.05230318382382393,0.3881028890609741,0.9166585803031921,0.5148313045501709,0.22335731983184814,synthetic_crash,1,1
3.0,0.9513630867004395,0.9028187394142151,7.53756856918335,1.3362088203430176,1.0055315494537354,8.336893081665039,10.226465225219727,23.84794044494629,137.5,0.2,7.53756856918335,2.7965476512908936,20.069961547851562,1.3700071573257446,4.875565528869629,89.81639862060547,0.3023165464401245,1.9531375169754028,0.294445276260376,0.1886213719844818,1.1549830436706543,-7.5291218757629395,2.395209789276123,1.0872609615325928,1.3695636987686157,0.4364103674888611,0.015643110498785973,0.3318811058998108,0.46629661321640015,0.448581725358963,0.1906987428665161,0.3978865146636963,0.03996439278125763,0.13083922863006592,0.47423839569091797,0.4289809763431549,0.15991081297397614,0.14006240665912628,0.5350736975669861,-0.8821585774421692,3.7153730392456055,0.7784106135368347,0.305921345949173,1.175277590751648,0.9084131121635437,-0.5601822733879089,7.245206356048584,2.259023666381836,2.2064919471740723,0.49661168456077576,0.19367769360542297,0.12660391628742218,1.7907475233078003,0.7276711463928223,0.2841342091560364,synthetic_crash,1,1
4.0,0.7242287993431091,0.1106606274843216,2.0346291065216064,1.1336681842803955,0.1342928558588028,2.6441078186035156,2.3494820594787598,8.768721580505371,61.27857971191406,0.2,2.0346291065216064,1.3032379150390625,16.068971633911133,0.18300050497055054,4.856921195983887,89.66521453857422,0.020734328776597977,0.8357385993003845,0.2360203117132187,0.3652273416519165,0.22082701325416565,-1.966450810432434,0.755341112613678,0.5188595652580261,0.18215559422969818,0.4313827157020569,0.06179870665073395,-0.2211402803659439,0.5405564904212952,0.4743770658969879,0.1899101287126541,0.4057667553424835,0.006382940802723169,0.39449071884155273,0.4731631577014923,0.41057735681533813,0.164687380194664,0.062422700226306915,0.1353871375322342,-0.17675258219242096,1.4919544458389282,0.1644589751958847,0.02222626842558384,1.0241482257843018,0.07673892378807068,0.8885810375213623,1.8344225883483887,1.0819833278656006,1.0547685623168945,0.4708395302295685,0.06747817248106003,0.3516324758529663,1.18333101272583,0.5216952562332153,0.22624319791793823,synthetic_crash,1,1
5.0,0.9286174774169922,0.7351549863815308,6.650084972381592,1.3565293550491333,1.0926231145858765,9.23289680480957,8.086874008178711,20.11602783203125,121.39006805419922,0.2,6.650084972381592,3.0339972972869873,19.630313873291016,0.93849778175354,5.138521671295166,89.54391479492188,0.04969710484147072,2.2932562828063965,0.44171568751335144,0.23162400722503662,0.9403736591339111,-6.241799354553223,2.225277900695801,0.9961848855018616,0.9379523992538452,0.48162612318992615,0.24720916152000427,-0.04247349128127098,2.1833856105804443,0.7776968479156494,0.2930760979652405,0.41225218772888184,0.04246162995696068,0.32223066687583923,0.7045530676841736,0.4631064832210541,0.171754851937294,0.08195366710424423,0.21214188635349274,-0.37011146545410156,1.5498161315917969,0.33733099699020386,0.05172058567404747,1.1970082521438599,1.0576950311660767,-1.0568944215774536,8.515462875366211,2.4702670574188232,2.5515472888946533,0.5292957425117493,0.388040155172348,-0.29760098457336426,3.2142419815063477,0.9964206218719482,0.4307291507720947,synthetic_crash,1,1
6.0,0.9732781052589417,0.706859827041626,6.439884185791016,1.3963171243667603,0.8171747922897339,7.810231685638428,12.835938453674316,26.443279266357422,137.50001525878906,0.2,6.439884185791016,2.617476224899292,23.8176326751709,0.17661727964878082,5.014404773712158,93.03934478759766,1.0572590827941895,0.9379812479019165,0.4110797941684723,0.4063550531864166,0.10273851454257965,0.10236608982086182,1.0831506252288818,0.5793586373329163,0.17567966878414154,0.46115997433662415,0.1702193170785904,-0.04249553754925728,1.5824888944625854,0.7477961182594299,0.24164314568042755,0.2789846956729889,0.975584864616394,-6.147733211517334,3.1656060218811035,1.4270429611206055,1.0295982360839844,-0.08789031207561493,1.0231987237930298,-6.71827507019043,2.9649693965911865,1.1262835264205933,1.054660439491272,1.0476211309432983,0.25462403893470764,0.2879140377044678,2.697598695755005,1.479979157447815,1.1623433828353882,0.5109435319900513,0.37337538599967957,-0.6030752658843994,2.930436849594116,1.144944190979004,0.400472491979599,synthetic_crash,1,1
7.0,0.888319730758667,0.6879023909568787,6.481643199920654,1.254012107849121,0.5928395390510559,6.052054405212402,5.977044105529785,18.317459106445312,118.68736267089844,0.2,6.481643199920654,1.9240046739578247,23.283363342285156,0.20116502046585083,5.0101118087768555,93.5691146850586,0.5392295718193054,0.9364103674888611,0.23467592895030975,0.42109474539756775,0.15123972296714783,0.17995865643024445,1.5199490785598755,0.6070123314857483,0.20019418001174927,0.4629825949668884,0.12854112684726715,0.2580372095108032,1.3969173431396484,0.6209970712661743,0.23087570071220398,0.24219565093517303,0.878972589969635,-6.144108772277832,1.64362633228302,0.8981870412826538,0.8312516212463379,-0.08929412811994553,0.7270620465278625,-5.371870994567871,1.0699306726455688,0.4533242881298065,0.5365926623344421,1.0553544759750366,0.22080571949481964,0.7033026814460754,2.6596508026123047,1.3267889022827148,1.1625282764434814,0.4715791642665863,0.04996929317712784,0.3919083774089813,0.8346383571624756,0.5330060124397278,0.22488383948802948,synthetic_crash,1,1
