window_index,accel_mag_max,accel_mag_p95,gyro_mag_max,gyro_mag_p95,jerk_abs_max,jerk_abs_p95,anomaly_score,is_abnormal
0.000000000000000000e+00,2.081579780578613281e+01,1.534459972381591797e+01,6.736690044403076172e+00,3.712790727615356445e+00,4.715348205566406250e+02,2.095690460205078125e+02,1.353680650070425928e+00,1.000000000000000000e+00
1.000000000000000000e+00,2.081579780578613281e+01,1.171745014190673828e+01,4.483417987823486328e+00,1.979018568992614746e+00,4.715348205566406250e+02,1.940910034179687500e+02,1.070632667039145280e+00,1.000000000000000000e+00
2.000000000000000000e+00,1.070315742492675781e+01,1.038679504394531250e+01,7.929611951112747192e-02,4.933013767004013062e-02,3.371929931640625000e+01,1.736589431762695312e+01,7.709389939623353394e-01,0.000000000000000000e+00
3.000000000000000000e+00,1.102559852600097656e+01,1.057868766784667969e+01,2.117798030376434326e-01,1.676260828971862793e-01,5.379977416992187500e+01,3.046070098876953125e+01,7.851818384387505567e-01,0.000000000000000000e+00
4.000000000000000000e+00,1.174870586395263672e+01,1.123742198944091797e+01,6.021313667297363281e-01,5.854495763778686523e-01,6.666202545166015625e+01,3.607408523559570312e+01,8.340750699918615396e-01,0.000000000000000000e+00
5.000000000000000000e+00,1.188707065582275391e+01,1.127484703063964844e+01,6.021313667297363281e-01,5.856353640556335449e-01,9.550161743164062500e+01,5.263345718383789062e+01,8.368528684839542375e-01,0.000000000000000000e+00
6.000000000000000000e+00,1.250275325775146484e+01,1.118816757202148438e+01,5.885050296783447266e-01,5.232602953910827637e-01,1.476295471191406250e+02,7.904716491699218750e+01,8.304192598162603023e-01,0.000000000000000000e+00
7.000000000000000000e+00,1.250275325775146484e+01,1.117476272583007812e+01,3.161112368106842041e-01,2.025672048330307007e-01,1.476295471191406250e+02,7.904716491699218750e+01,8.294243120394629853e-01,0.000000000000000000e+00
8.000000000000000000e+00,1.179036617279052734e+01,1.107716655731201172e+01,1.712428629398345947e-01,1.298760622739791870e-01,1.017305831909179688e+02,5.899996948242187500e+01,8.221804325122785695e-01,0.000000000000000000e+00
9.000000000000000000e+00,1.179036617279052734e+01,1.109873390197753906e+01,2.317919582128524780e-01,1.384293884038925171e-01,9.221907043457031250e+01,5.818989562988281250e+01,8.237812253389910078e-01,0.000000000000000000e+00
1.000000000000000000e+01,1.202885818481445312e+01,1.134680080413818359e+01,3.054104745388031006e-01,2.845396101474761963e-01,9.080242919921875000e+01,5.629606628417968750e+01,8.421934927591093745e-01,0.000000000000000000e+00
1.100000000000000000e+01,1.202885818481445312e+01,1.126097297668457031e+01,3.054104745388031006e-01,2.845396101474761963e-01,9.080242919921875000e+01,5.664337921142578125e+01,8.358230947035866221e-01,0.000000000000000000e+00
1.200000000000000000e+01,1.156933689117431641e+01,1.101211738586425781e+01,2.222230434417724609e-01,1.944877207279205322e-01,8.832211303710937500e+01,6.171649551391601562e+01,8.173522884522638199e-01,0.000000000000000000e+00
1.300000000000000000e+01,1.186917114257812500e+01,1.120662403106689453e+01,1.954479068517684937e-01,1.438502073287963867e-01,1.114193420410156250e+02,7.105525970458984375e+01,8.317891534079192573e-01,0.000000000000000000e+00
1.400000000000000000e+01,1.620451736450195312e+01,1.180389213562011719e+01,5.933412313461303711e-01,2.153656631708145142e-01,5.804560546875000000e+02,1.348423614501953125e+02,1.070293321946511389e+00,1.000000000000000000e+00
1.500000000000000000e+01,1.620451736450195312e+01,1.194818973541259766e+01,5.933412313461303711e-01,2.228209078311920166e-01,5.804560546875000000e+02,1.373403320312500000e+02,1.070293321946511389e+00,1.000000000000000000e+00
1.600000000000000000e+01,1.234789180755615234e+01,1.167022705078125000e+01,2.268389314413070679e-01,1.524884849786758423e-01,1.369261322021484375e+02,9.272930145263671875e+01,8.661991561185078403e-01,0.000000000000000000e+00
1.700000000000000000e+01,1.203973102569580078e+01,1.107008075714111328e+01,2.268389314413070679e-01,1.420316696166992188e-01,1.197769622802734375e+02,7.144593811035156250e+01,8.216545032307187579e-01,0.000000000000000000e+00
1.800000000000000000e+01,1.293055534362792969e+01,1.204209613800048828e+01,2.902549803256988525e-01,2.054439336061477661e-01,1.967286987304687500e+02,1.440816955566406250e+02,8.938003919928604324e-01,0.000000000000000000e+00
1.900000000000000000e+01,1.293055534362792969e+01,1.187141704559326172e+01,2.902549803256988525e-01,2.054439336061477661e-01,1.967286987304687500e+02,1.472193450927734375e+02,8.811320792713598360e-01,0.000000000000000000e+00
2.000000000000000000e+01,1.186006927490234375e+01,1.142440795898437500e+01,1.955382227897644043e-01,1.315617859363555908e-01,1.778664550781250000e+02,7.960538482666015625e+01,8.479537279065505473e-01,0.000000000000000000e+00
2.100000000000000000e+01,1.282475662231445312e+01,1.199185562133789062e+01,4.150106310844421387e-01,2.701406180858612061e-01,9.953746795654296875e+01,6.212014389038085938e+01,8.900713905821135974e-01,0.000000000000000000e+00
2.200000000000000000e+01,1.282475662231445312e+01,1.221588897705078125e+01,4.150106310844421387e-01,2.701406180858612061e-01,1.485777435302734375e+02,8.532505035400390625e+01,9.066998163030949298e-01,0.000000000000000000e+00
2.300000000000000000e+01,1.406685066223144531e+01,1.188067150115966797e+01,3.516767919063568115e-01,2.497555911540985107e-01,2.736135864257812500e+02,1.462123718261718750e+02,8.818189726425921249e-01,0.000000000000000000e+00
2.400000000000000000e+01,1.424006366729736328e+01,1.252483844757080078e+01,5.595227479934692383e-01,3.219765722751617432e-01,3.493747558593750000e+02,1.779306335449218750e+02,9.296309700401411691e-01,0.000000000000000000e+00
2.500000000000000000e+01,1.424006366729736328e+01,1.250763893127441406e+01,5.595227479934692383e-01,3.215332627296447754e-01,4.535477294921875000e+02,2.116809692382812500e+02,1.003504156785637758e+00,1.000000000000000000e+00
2.600000000000000000e+01,1.419662570953369141e+01,1.173720550537109375e+01,3.934039771556854248e-01,2.163336575031280518e-01,4.535477294921875000e+02,1.620699462890625000e+02,8.711704973436094068e-01,0.000000000000000000e+00
2.700000000000000000e+01,1.157270908355712891e+01,1.103254127502441406e+01,1.984218358993530273e-01,1.546731144189834595e-01,1.369384765625000000e+02,9.421479034423828125e+01,8.188682105914136811e-01,0.000000000000000000e+00
2.800000000000000000e+01,1.390057468414306641e+01,1.214961051940917969e+01,5.137225985527038574e-01,3.990094363689422607e-01,1.962665557861328125e+02,1.171319198608398438e+02,9.017804309451084022e-01,0.000000000000000000e+00
2.900000000000000000e+01,1.530366516113281250e+01,1.308332252502441406e+01,5.605366826057434082e-01,4.219573140144348145e-01,1.962665557861328125e+02,1.273327941894531250e+02,9.710833286353031113e-01,0.000000000000000000e+00
3.000000000000000000e+01,1.550243949890136719e+01,1.334571266174316406e+01,5.687386989593505859e-01,4.864346385002136230e-01,3.232046508789062500e+02,1.700218048095703125e+02,9.905587093635971341e-01,0.000000000000000000e+00
3.100000000000000000e+01,1.649326896667480469e+01,1.354140758514404297e+01,6.652382016181945801e-01,5.277240872383117676e-01,3.232046508789062500e+02,2.326009063720703125e+02,1.102678135197557419e+00,1.000000000000000000e+00
3.200000000000000000e+01,1.649326896667480469e+01,1.274769783020019531e+01,6.652382016181945801e-01,4.276271462440490723e-01,3.076571350097656250e+02,1.977114715576171875e+02,9.461722599676366530e-01,0.000000000000000000e+00
3.300000000000000000e+01,1.117652416229248047e+01,1.059083461761474609e+01,1.177444159984588623e-01,1.015030965209007263e-01,8.483757781982421875e+01,5.471784210205078125e+01,7.860834213807729176e-01,0.000000000000000000e+00
3.400000000000000000e+01,1.080279445648193359e+01,1.027605819702148438e+01,8.520112931728363037e-02,6.206915900111198425e-02,8.483757781982421875e+01,2.595013046264648438e+01,7.627197739815019251e-01,0.000000000000000000e+00
3.500000000000000000e+01,1.082417964935302734e+01,1.027605819702148438e+01,3.469788134098052979e-01,8.557110279798507690e-02,6.509971618652343750e+01,1.932377243041992188e+01,7.627197739815019251e-01,0.000000000000000000e+00
3.600000000000000000e+01,1.257718849182128906e+01,1.049166011810302734e+01,3.469788134098052979e-01,9.198747575283050537e-02,1.304573516845703125e+02,4.625168609619140625e+01,7.787223934066191955e-01,0.000000000000000000e+00
3.700000000000000000e+01,1.257718849182128906e+01,9.986278533935546875e+00,1.429844051599502563e-01,4.323960095643997192e-02,1.304573516845703125e+02,1.887184524536132812e+01,7.412114606870711109e-01,0.000000000000000000e+00
3.800000000000000000e+01,9.421703338623046875e+00,9.421703338623046875e+00,4.320773482322692871e-02,4.320773482322692871e-02,0.000000000000000000e+00,0.000000000000000000e+00,6.993070011065360969e-01,0.000000000000000000e+00
3.900000000000000000e+01,9.421703338623046875e+00,9.421703338623046875e+00,4.320773482322692871e-02,4.320773482322692871e-02,0.000000000000000000e+00,0.000000000000000000e+00,6.993070011065360969e-01,0.000000000000000000e+00
4.000000000000000000e+01,9.421703338623046875e+00,9.421703338623046875e+00,4.320773482322692871e-02,4.320773482322692871e-02,0.000000000000000000e+00,0.000000000000000000e+00,6.993070011065360969e-01,0.000000000000000000e+00
4.100000000000000000e+01,9.421703338623046875e+00,9.421703338623046875e+00,4.320773482322692871e-02,4.320773482322692871e-02,0.000000000000000000e+00,0.000000000000000000e+00,6.993070011065360969e-01,0.000000000000000000e+00
4.200000000000000000e+01,9.421703338623046875e+00,9.421703338623046875e+00,4.320773482322692871e-02,4.320773482322692871e-02,0.000000000000000000e+00,0.000000000000000000e+00,6.993070011065360969e-01,0.000000000000000000e+00
4.300000000000000000e+01,9.421703338623046875e+00,9.421703338623046875e+00,4.320773482322692871e-02,4.320773482322692871e-02,0.000000000000000000e+00,0.000000000000000000e+00,6.993070011065360969e-01,0.000000000000000000e+00
4.400000000000000000e+01,9.421703338623046875e+00,9.421703338623046875e+00,4.320773482322692871e-02,4.320773482322692871e-02,0.000000000000000000e+00,0.000000000000000000e+00,6.993070011065360969e-01,0.000000000000000000e+00
4.500000000000000000e+01,9.421703338623046875e+00,9.421703338623046875e+00,4.320773482322692871e-02,4.320773482322692871e-02,0.000000000000000000e+00,0.000000000000000000e+00,6.993070011065360969e-01,0.000000000000000000e+00
4.600000000000000000e+01,9.421703338623046875e+00,9.421703338623046875e+00,4.320773482322692871e-02,4.320773482322692871e-02,0.000000000000000000e+00,0.000000000000000000e+00,6.993070011065360969e-01,0.000000000000000000e+00
4.700000000000000000e+01,9.421703338623046875e+00,9.421703338623046875e+00,4.320773482322692871e-02,4.320773482322692871e-02,0.000000000000000000e+00,0.000000000000000000e+00,6.993070011065360969e-01,0.000000000000000000e+00
4.800000000000000000e+01,9.421703338623046875e+00,9.421703338623046875e+00,4.320773482322692871e-02,4.320773482322692871e-02,0.000000000000000000e+00,0.000000000000000000e+00,6.993070011065360969e-01,0.000000000000000000e+00
4.900000000000000000e+01,9.421703338623046875e+00,9.421703338623046875e+00,4.320773482322692871e-02,4.320773482322692871e-02,0.000000000000000000e+00,0.000000000000000000e+00,6.993070011065360969e-01,0.000000000000000000e+00
5.000000000000000000e+01,9.421703338623046875e+00,9.421703338623046875e+00,4.320773482322692871e-02,4.320773482322692871e-02,0.000000000000000000e+00,0.000000000000000000e+00,6.993070011065360969e-01,0.000000000000000000e+00
5.100000000000000000e+01,9.421703338623046875e+00,9.421703338623046875e+00,4.320773482322692871e-02,4.320773482322692871e-02,0.000000000000000000e+00,0.000000000000000000e+00,6.993070011065360969e-01,0.000000000000000000e+00
5.200000000000000000e+01,9.421703338623046875e+00,9.421703338623046875e+00,4.320773482322692871e-02,4.320773482322692871e-02,0.000000000000000000e+00,0.000000000000000000e+00,6.993070011065360969e-01,0.000000000000000000e+00
5.300000000000000000e+01,1.096108818054199219e+01,1.018515682220458984e+01,4.320773482322692871e-02,4.320773482322692871e-02,1.105080108642578125e+02,0.000000000000000000e+00,7.559728020662352943e-01,0.000000000000000000e+00
5.400000000000000000e+01,1.096108818054199219e+01,1.018515682220458984e+01,4.320773482322692871e-02,4.320773482322692871e-02,1.105080108642578125e+02,0.000000000000000000e+00,7.559728020662352943e-01,0.000000000000000000e+00
5.500000000000000000e+01,1.018515682220458984e+01,1.018515682220458984e+01,4.211399331688880920e-02,4.211399331688880920e-02,0.000000000000000000e+00,0.000000000000000000e+00,7.559728020662352943e-01,0.000000000000000000e+00
5.600000000000000000e+01,1.018515682220458984e+01,1.018515682220458984e+01,4.211399331688880920e-02,4.211399331688880920e-02,0.000000000000000000e+00,0.000000000000000000e+00,7.559728020662352943e-01,0.000000000000000000e+00
5.700000000000000000e+01,1.018515682220458984e+01,1.018515682220458984e+01,4.211399331688880920e-02,4.211399331688880920e-02,0.000000000000000000e+00,0.000000000000000000e+00,7.559728020662352943e-01,0.000000000000000000e+00
5.800000000000000000e+01,1.018515682220458984e+01,1.018515682220458984e+01,4.211399331688880920e-02,4.211399331688880920e-02,0.000000000000000000e+00,0.000000000000000000e+00,7.559728020662352943e-01,0.000000000000000000e+00
5.900000000000000000e+01,1.018515682220458984e+01,1.018515682220458984e+01,4.211399331688880920e-02,4.211399331688880920e-02,0.000000000000000000e+00,0.000000000000000000e+00,7.559728020662352943e-01,0.000000000000000000e+00
6.000000000000000000e+01,1.018515682220458984e+01,1.018515682220458984e+01,2.995730340480804443e-01,2.995730340480804443e-01,0.000000000000000000e+00,0.000000000000000000e+00,7.559728020662352943e-01,0.000000000000000000e+00
6.100000000000000000e+01,1.018515682220458984e+01,1.018515682220458984e+01,2.995730340480804443e-01,2.995730340480804443e-01,0.000000000000000000e+00,0.000000000000000000e+00,7.559728020662352943e-01,0.000000000000000000e+00
6.200000000000000000e+01,1.018515682220458984e+01,1.018515682220458984e+01,2.995730340480804443e-01,2.995730340480804443e-01,0.000000000000000000e+00,0.000000000000000000e+00,7.559728020662352943e-01,0.000000000000000000e+00
6.300000000000000000e+01,1.018515682220458984e+01,1.018515682220458984e+01,2.995730340480804443e-01,2.995730340480804443e-01,0.000000000000000000e+00,0.000000000000000000e+00,7.559728020662352943e-01,0.000000000000000000e+00
6.400000000000000000e+01,1.018515682220458984e+01,1.018515682220458984e+01,2.995730340480804443e-01,2.995730340480804443e-01,0.000000000000000000e+00,0.000000000000000000e+00,7.559728020662352943e-01,0.000000000000000000e+00
6.500000000000000000e+01,1.018515682220458984e+01,1.018515682220458984e+01,2.995730340480804443e-01,2.995730340480804443e-01,0.000000000000000000e+00,0.000000000000000000e+00,7.559728020662352943e-01,0.000000000000000000e+00
6.600000000000000000e+01,1.018515682220458984e+01,1.018515682220458984e+01,2.995730340480804443e-01,2.995730340480804443e-01,0.000000000000000000e+00,0.000000000000000000e+00,7.559728020662352943e-01,0.000000000000000000e+00
6.700000000000000000e+01,1.018515682220458984e+01,1.018515682220458984e+01,2.995730340480804443e-01,2.995730340480804443e-01,0.000000000000000000e+00,0.000000000000000000e+00,7.559728020662352943e-01,0.000000000000000000e+00
6.800000000000000000e+01,1.018515682220458984e+01,1.018515682220458984e+01,2.995730340480804443e-01,2.995730340480804443e-01,0.000000000000000000e+00,0.000000000000000000e+00,7.559728020662352943e-01,0.000000000000000000e+00
6.900000000000000000e+01,1.018515682220458984e+01,1.018515682220458984e+01,2.995730340480804443e-01,2.995730340480804443e-01,0.000000000000000000e+00,0.000000000000000000e+00,7.559728020662352943e-01,0.000000000000000000e+00
7.000000000000000000e+01,1.018515682220458984e+01,1.018515682220458984e+01,2.995730340480804443e-01,2.995730340480804443e-01,0.000000000000000000e+00,0.000000000000000000e+00,7.559728020662352943e-01,0.000000000000000000e+00
7.100000000000000000e+01,1.018515682220458984e+01,1.018515682220458984e+01,2.995730340480804443e-01,2.995730340480804443e-01,0.000000000000000000e+00,0.000000000000000000e+00,7.559728020662352943e-01,0.000000000000000000e+00
7.200000000000000000e+01,1.018515682220458984e+01,1.018515682220458984e+01,2.995730340480804443e-01,2.995730340480804443e-01,0.000000000000000000e+00,0.000000000000000000e+00,7.559728020662352943e-01,0.000000000000000000e+00
7.300000000000000000e+01,1.018515682220458984e+01,1.018515682220458984e+01,2.995730340480804443e-01,2.995730340480804443e-01,0.000000000000000000e+00,0.000000000000000000e+00,7.559728020662352943e-01,0.000000000000000000e+00
7.400000000000000000e+01,1.018515682220458984e+01,1.018515682220458984e+01,2.995730340480804443e-01,2.995730340480804443e-01,0.000000000000000000e+00,0.000000000000000000e+00,7.559728020662352943e-01,0.000000000000000000e+00
7.500000000000000000e+01,1.018515682220458984e+01,1.018515682220458984e+01,2.995730340480804443e-01,2.995730340480804443e-01,0.000000000000000000e+00,0.000000000000000000e+00,7.559728020662352943e-01,0.000000000000000000e+00
7.600000000000000000e+01,1.018515682220458984e+01,1.018515682220458984e+01,2.995730340480804443e-01,2.995730340480804443e-01,0.000000000000000000e+00,0.000000000000000000e+00,7.559728020662352943e-01,0.000000000000000000e+00
7.700000000000000000e+01,1.018515682220458984e+01,1.018515682220458984e+01,2.995730340480804443e-01,2.995730340480804443e-01,0.000000000000000000e+00,0.000000000000000000e+00,7.559728020662352943e-01,0.000000000000000000e+00
7.800000000000000000e+01,1.018515682220458984e+01,1.018515682220458984e+01,2.995730340480804443e-01,2.995730340480804443e-01,0.000000000000000000e+00,0.000000000000000000e+00,7.559728020662352943e-01,0.000000000000000000e+00
7.900000000000000000e+01,1.018515682220458984e+01,1.018515682220458984e+01,2.995730340480804443e-01,2.995730340480804443e-01,0.000000000000000000e+00,0.000000000000000000e+00,7.559728020662352943e-01,0.000000000000000000e+00
8.000000000000000000e+01,1.018515682220458984e+01,1.018515682220458984e+01,2.995730340480804443e-01,2.995730340480804443e-01,0.000000000000000000e+00,0.000000000000000000e+00,7.559728020662352943e-01,0.000000000000000000e+00
8.100000000000000000e+01,1.018515682220458984e+01,1.018515682220458984e+01,2.995730340480804443e-01,2.995730340480804443e-01,0.000000000000000000e+00,0.000000000000000000e+00,7.559728020662352943e-01,0.000000000000000000e+00
8.200000000000000000e+01,1.018515682220458984e+01,1.018515682220458984e+01,2.995730340480804443e-01,2.995730340480804443e-01,0.000000000000000000e+00,0.000000000000000000e+00,7.559728020662352943e-01,0.000000000000000000e+00
8.300000000000000000e+01,1.018515682220458984e+01,1.018515682220458984e+01,2.995730340480804443e-01,2.995730340480804443e-01,0.000000000000000000e+00,0.000000000000000000e+00,7.559728020662352943e-01,0.000000000000000000e+00
8.400000000000000000e+01,1.018515682220458984e+01,1.018515682220458984e+01,2.995730340480804443e-01,2.995730340480804443e-01,0.000000000000000000e+00,0.000000000000000000e+00,7.559728020662352943e-01,0.000000000000000000e+00
8.500000000000000000e+01,1.018515682220458984e+01,1.018515682220458984e+01,2.995730340480804443e-01,2.995730340480804443e-01,0.000000000000000000e+00,0.000000000000000000e+00,7.559728020662352943e-01,0.000000000000000000e+00
8.600000000000000000e+01,1.018515682220458984e+01,1.018515682220458984e+01,2.995730340480804443e-01,2.995730340480804443e-01,0.000000000000000000e+00,0.000000000000000000e+00,7.559728020662352943e-01,0.000000000000000000e+00
8.700000000000000000e+01,1.018515682220458984e+01,1.018515682220458984e+01,2.995730340480804443e-01,2.995730340480804443e-01,0.000000000000000000e+00,0.000000000000000000e+00,7.559728020662352943e-01,0.000000000000000000e+00
8.800000000000000000e+01,1.018515682220458984e+01,1.018515682220458984e+01,2.995730340480804443e-01,2.995730340480804443e-01,0.000000000000000000e+00,0.000000000000000000e+00,7.559728020662352943e-01,0.000000000000000000e+00
8.900000000000000000e+01,1.018515682220458984e+01,1.018515682220458984e+01,2.995730340480804443e-01,2.995730340480804443e-01,0.000000000000000000e+00,0.000000000000000000e+00,7.559728020662352943e-01,0.000000000000000000e+00
9.000000000000000000e+01,1.018515682220458984e+01,1.018515682220458984e+01,2.995730340480804443e-01,2.995730340480804443e-01,0.000000000000000000e+00,0.000000000000000000e+00,7.559728020662352943e-01,0.000000000000000000e+00
9.100000000000000000e+01,1.018515682220458984e+01,1.018515682220458984e+01,2.995730340480804443e-01,2.995730340480804443e-01,0.000000000000000000e+00,0.000000000000000000e+00,7.559728020662352943e-01,0.000000000000000000e+00
9.200000000000000000e+01,1.018515682220458984e+01,1.018515682220458984e+01,2.995730340480804443e-01,2.995730340480804443e-01,0.000000000000000000e+00,0.000000000000000000e+00,7.559728020662352943e-01,0.000000000000000000e+00
9.300000000000000000e+01,1.018515682220458984e+01,1.018515682220458984e+01,2.995730340480804443e-01,2.995730340480804443e-01,0.000000000000000000e+00,0.000000000000000000e+00,7.559728020662352943e-01,0.000000000000000000e+00
9.400000000000000000e+01,1.018515682220458984e+01,1.018515682220458984e+01,2.995730340480804443e-01,2.995730340480804443e-01,0.000000000000000000e+00,0.000000000000000000e+00,7.559728020662352943e-01,0.000000000000000000e+00
9.500000000000000000e+01,1.018515682220458984e+01,1.018515682220458984e+01,2.995730340480804443e-01,2.995730340480804443e-01,0.000000000000000000e+00,0.000000000000000000e+00,7.559728020662352943e-01,0.000000000000000000e+00
9.600000000000000000e+01,1.018515682220458984e+01,1.018515682220458984e+01,2.995730340480804443e-01,2.995730340480804443e-01,0.000000000000000000e+00,0.000000000000000000e+00,7.559728020662352943e-01,0.000000000000000000e+00
9.700000000000000000e+01,1.018515682220458984e+01,1.018515682220458984e+01,2.995730340480804443e-01,2.995730340480804443e-01,0.000000000000000000e+00,0.000000000000000000e+00,7.559728020662352943e-01,0.000000000000000000e+00
9.800000000000000000e+01,1.018515682220458984e+01,1.018515682220458984e+01,2.995730340480804443e-01,2.995730340480804443e-01,0.000000000000000000e+00,0.000000000000000000e+00,7.559728020662352943e-01,0.000000000000000000e+00
9.900000000000000000e+01,1.018515682220458984e+01,1.018515682220458984e+01,2.995730340480804443e-01,2.995730340480804443e-01,0.000000000000000000e+00,0.000000000000000000e+00,7.559728020662352943e-01,0.000000000000000000e+00
1.000000000000000000e+02,1.018515682220458984e+01,1.018515682220458984e+01,2.995730340480804443e-01,2.995730340480804443e-01,0.000000000000000000e+00,0.000000000000000000e+00,7.559728020662352943e-01,0.000000000000000000e+00
1.010000000000000000e+02,1.018515682220458984e+01,1.018515682220458984e+01,2.995730340480804443e-01,2.995730340480804443e-01,0.000000000000000000e+00,0.000000000000000000e+00,7.559728020662352943e-01,0.000000000000000000e+00
1.020000000000000000e+02,1.018515682220458984e+01,1.018515682220458984e+01,2.995730340480804443e-01,2.995730340480804443e-01,0.000000000000000000e+00,0.000000000000000000e+00,7.559728020662352943e-01,0.000000000000000000e+00
1.030000000000000000e+02,1.018515682220458984e+01,1.018515682220458984e+01,2.995730340480804443e-01,2.995730340480804443e-01,0.000000000000000000e+00,0.000000000000000000e+00,7.559728020662352943e-01,0.000000000000000000e+00
1.040000000000000000e+02,1.018515682220458984e+01,1.018515682220458984e+01,2.995730340480804443e-01,2.995730340480804443e-01,0.000000000000000000e+00,0.000000000000000000e+00,7.559728020662352943e-01,0.000000000000000000e+00
1.050000000000000000e+02,1.018515682220458984e+01,1.018515682220458984e+01,2.995730340480804443e-01,2.995730340480804443e-01,0.000000000000000000e+00,0.000000000000000000e+00,7.559728020662352943e-01,0.000000000000000000e+00
1.060000000000000000e+02,1.018515682220458984e+01,1.018515682220458984e+01,2.995730340480804443e-01,2.995730340480804443e-01,0.000000000000000000e+00,0.000000000000000000e+00,7.559728020662352943e-01,0.000000000000000000e+00
1.070000000000000000e+02,1.018515682220458984e+01,1.018515682220458984e+01,2.995730340480804443e-01,2.995730340480804443e-01,0.000000000000000000e+00,0.000000000000000000e+00,7.559728020662352943e-01,0.000000000000000000e+00
1.080000000000000000e+02,1.018515682220458984e+01,1.018515682220458984e+01,2.995730340480804443e-01,2.995730340480804443e-01,0.000000000000000000e+00,0.000000000000000000e+00,7.559728020662352943e-01,0.000000000000000000e+00
1.090000000000000000e+02,1.018515682220458984e+01,1.018515682220458984e+01,2.995730340480804443e-01,2.995730340480804443e-01,0.000000000000000000e+00,0.000000000000000000e+00,7.559728020662352943e-01,0.000000000000000000e+00
1.100000000000000000e+02,1.018515682220458984e+01,1.018515682220458984e+01,2.995730340480804443e-01,2.995730340480804443e-01,0.000000000000000000e+00,0.000000000000000000e+00,7.559728020662352943e-01,0.000000000000000000e+00
1.110000000000000000e+02,1.018515682220458984e+01,1.018515682220458984e+01,2.995730340480804443e-01,2.995730340480804443e-01,0.000000000000000000e+00,0.000000000000000000e+00,7.559728020662352943e-01,0.000000000000000000e+00
1.120000000000000000e+02,1.018515682220458984e+01,1.018515682220458984e+01,2.995730340480804443e-01,2.995730340480804443e-01,0.000000000000000000e+00,0.000000000000000000e+00,7.559728020662352943e-01,0.000000000000000000e+00
1.130000000000000000e+02,1.018515682220458984e+01,1.018515682220458984e+01,2.995730340480804443e-01,2.995730340480804443e-01,0.000000000000000000e+00,0.000000000000000000e+00,7.559728020662352943e-01,0.000000000000000000e+00
1.140000000000000000e+02,1.018515682220458984e+01,1.018515682220458984e+01,2.995730340480804443e-01,2.995730340480804443e-01,0.000000000000000000e+00,0.000000000000000000e+00,7.559728020662352943e-01,0.000000000000000000e+00
1.150000000000000000e+02,1.018515682220458984e+01,1.018515682220458984e+01,2.995730340480804443e-01,2.995730340480804443e-01,0.000000000000000000e+00,0.000000000000000000e+00,7.559728020662352943e-01,0.000000000000000000e+00
1.160000000000000000e+02,1.018515682220458984e+01,1.018515682220458984e+01,2.995730340480804443e-01,2.995730340480804443e-01,0.000000000000000000e+00,0.000000000000000000e+00,7.559728020662352943e-01,0.000000000000000000e+00
1.170000000000000000e+02,1.018515682220458984e+01,1.018515682220458984e+01,2.995730340480804443e-01,2.995730340480804443e-01,0.000000000000000000e+00,0.000000000000000000e+00,7.559728020662352943e-01,0.000000000000000000e+00
1.180000000000000000e+02,1.018515682220458984e+01,1.018515682220458984e+01,2.995730340480804443e-01,2.995730340480804443e-01,0.000000000000000000e+00,0.000000000000000000e+00,7.559728020662352943e-01,0.000000000000000000e+00
1.190000000000000000e+02,1.018515682220458984e+01,1.018515682220458984e+01,2.995730340480804443e-01,2.995730340480804443e-01,0.000000000000000000e+00,0.000000000000000000e+00,7.559728020662352943e-01,0.000000000000000000e+00
1.200000000000000000e+02,1.018515682220458984e+01,1.018515682220458984e+01,2.995730340480804443e-01,2.995730340480804443e-01,0.000000000000000000e+00,0.000000000000000000e+00,7.559728020662352943e-01,0.000000000000000000e+00
1.210000000000000000e+02,1.018515682220458984e+01,1.018515682220458984e+01,2.995730340480804443e-01,2.995730340480804443e-01,0.000000000000000000e+00,0.000000000000000000e+00,7.559728020662352943e-01,0.000000000000000000e+00
1.220000000000000000e+02,1.018515682220458984e+01,1.018515682220458984e+01,2.995730340480804443e-01,2.995730340480804443e-01,0.000000000000000000e+00,0.000000000000000000e+00,7.559728020662352943e-01,0.000000000000000000e+00
1.230000000000000000e+02,1.018515682220458984e+01,1.018515682220458984e+01,2.995730340480804443e-01,2.995730340480804443e-01,0.000000000000000000e+00,0.000000000000000000e+00,7.559728020662352943e-01,0.000000000000000000e+00
1.240000000000000000e+02,1.018515682220458984e+01,1.018515682220458984e+01,2.995730340480804443e-01,2.995730340480804443e-01,0.000000000000000000e+00,0.000000000000000000e+00,7.559728020662352943e-01,0.000000000000000000e+00
1.250000000000000000e+02,1.018515682220458984e+01,1.018515682220458984e+01,2.995730340480804443e-01,2.995730340480804443e-01,0.000000000000000000e+00,0.000000000000000000e+00,7.559728020662352943e-01,0.000000000000000000e+00
1.260000000000000000e+02,1.018515682220458984e+01,1.018515682220458984e+01,2.995730340480804443e-01,2.995730340480804443e-01,0.000000000000000000e+00,0.000000000000000000e+00,7.559728020662352943e-01,0.000000000000000000e+00
1.270000000000000000e+02,1.018515682220458984e+01,1.018515682220458984e+01,2.995730340480804443e-01,2.995730340480804443e-01,0.000000000000000000e+00,0.000000000000000000e+00,7.559728020662352943e-01,0.000000000000000000e+00
1.280000000000000000e+02,1.018515682220458984e+01,1.018515682220458984e+01,2.995730340480804443e-01,2.995730340480804443e-01,0.000000000000000000e+00,0.000000000000000000e+00,7.559728020662352943e-01,0.000000000000000000e+00
1.290000000000000000e+02,1.018515682220458984e+01,1.018515682220458984e+01,2.995730340480804443e-01,2.995730340480804443e-01,0.000000000000000000e+00,0.000000000000000000e+00,7.559728020662352943e-01,0.000000000000000000e+00
1.300000000000000000e+02,1.018515682220458984e+01,1.018515682220458984e+01,2.995730340480804443e-01,2.995730340480804443e-01,0.000000000000000000e+00,0.000000000000000000e+00,7.559728020662352943e-01,0.000000000000000000e+00
1.310000000000000000e+02,1.018515682220458984e+01,1.018515682220458984e+01,2.995730340480804443e-01,2.995730340480804443e-01,0.000000000000000000e+00,0.000000000000000000e+00,7.559728020662352943e-01,0.000000000000000000e+00
1.320000000000000000e+02,1.018515682220458984e+01,1.018515682220458984e+01,2.995730340480804443e-01,2.995730340480804443e-01,0.000000000000000000e+00,0.000000000000000000e+00,7.559728020662352943e-01,0.000000000000000000e+00
1.330000000000000000e+02,1.018515682220458984e+01,1.018515682220458984e+01,2.995730340480804443e-01,2.995730340480804443e-01,0.000000000000000000e+00,0.000000000000000000e+00,7.559728020662352943e-01,0.000000000000000000e+00
1.340000000000000000e+02,1.018515682220458984e+01,1.018515682220458984e+01,2.995730340480804443e-01,2.995730340480804443e-01,0.000000000000000000e+00,0.000000000000000000e+00,7.559728020662352943e-01,0.000000000000000000e+00
1.350000000000000000e+02,1.689214897155761719e+01,1.294588756561279297e+01,5.242117404937744141e+00,4.406745910644531250e+00,2.862904663085937500e+02,1.577335510253906250e+02,1.418798391753136601e+00,1.000000000000000000e+00
